{
	"pages": [ //pages数组中第一项表示应用启动页，参考：https://uniapp.dcloud.io/collocation/pages
		{
			"path": "pages/index/index",
			"style": {
				"app-plus":{
					"titleNView":{
						"searchInput":{
							"align":"left",
							"backgroundColor":"#F6F7F8",
							"borderRadius":"40px",
							"disabled":true,
							"placeholder":"精彩热搜：帝莎编程学院",
							"placeholderColor":"#959FA0"
						},
						"buttons":[{
							"float":"right",
							"text":"分类",
							"fontSize":"14px",
							"color":"#959FA0",
							"colorPressed":"#333333"
						}]
					}
				}
			}
		}
	    ,{
            "path" : "pages/cate/cate",
            "style" : {
				"enablePullDownRefresh":true,
				"app-plus":{
					"titleNView":{
						"searchInput":{
							"align":"left",
							"backgroundColor":"#F6F7F8",
							"borderRadius":"40px",
							"disabled":true,
							"placeholder":"精彩热搜：帝莎编程学院",
							"placeholderColor":"#959FA0"
						}
					}
				}
			}
        }
        ,{
            "path" : "pages/my/my",
            "style" : {
				"navigationBarTitleText":"",
				"app-plus":{
					"titleNView":{
						"buttons":[{
							"color":"#333333",
							"colorPressed":"#333333",
							"float":"right",
							"fontSize":"18px",
							"fontSrc":"/static/iconfont.ttf",
							"text":"\ue695"
						},{
							"color":"#333333",
							"colorPressed":"#333333",
							"float":"right",
							"fontSize":"16px",
							"fontSrc":"/static/iconfont.ttf",
							"text":"\ue61a"
						}]
					}
				}
			}
        }
        ,{
            "path" : "pages/create/create",
            "style" : {
				"navigationBarTitleText":"发布作品",
				"app-plus":{
					"titleNView":{
						"buttons":[{
							"color":"#FB7299",
							"colorPressed":"#FB85A7",
							"float":"right",
							"fontSize":"14px",
							"text":"发布"
						}]
					}
				}
			}
        }
        ,{
            "path" : "pages/user-video/user-video",
            "style" : {
				"navigationBarTitleText":"我的作品",
				"enablePullDownRefresh":true
			}
        }
        ,{
            "path" : "pages/user-fava/user-fava",
            "style" : {
				"navigationBarTitleText":"我的收藏",
				"enablePullDownRefresh":true
			}
        }
        ,{
            "path" : "pages/user-video-list/user-video-list",
            "style" : {
				"navigationBarTitleText":"视频列表"
			}
        }
        ,{
            "path" : "pages/login/login",
            "style" : {
				"app-plus":{
					"titleNView":false
				}
			}
        }
        ,{
            "path" : "pages/user-space/user-space",
            "style" : {
				"app-plus":{
					"titleNView":{
						"type":"transparent",
						"buttons":[{
							"float":"right",
							"type":"menu"
						}]
					}
				}
			}
        }
        ,{
            "path" : "pages/detail-video/detail-video",
            "style" : {
				"app-plus":{
					"titleNView":false,
					"subNVues":[{
						"id":"top",
						"path":"./pages/detail-video/subNVue/video",
						"style":{
							"position":"dock",
							"dock":"top",
							"width":"100%",
							"height":"225px"
						}
						
					}]
				}
			}
        }
        ,{
            "path" : "pages/user-set/user-set",
            "style" : {
				"navigationBarTitleText":"设置"
			}
        }
        ,{
            "path" : "pages/list/list",
            "style" : {
				"navigationBarTitleText":"列表",
				"enablePullDownRefresh":true
			}
        }
        ,{
            "path" : "pages/user-follow/user-follow",
            "style" : {
				"navigationBarTitleText":"我的关注",
				"enablePullDownRefresh":true
			}
        }
        ,{
            "path" : "pages/user-history/user-history",
            "style" : {
				"navigationBarTitleText":"历史记录",
				"app-plus":{
					"titleNView":{
						"buttons":[{
							"float":"right",
							"text":"清除",
							"fontSize":"14px",
							"color":"#959FA0",
							"colorPressed":"#333333"
						}]
					}
				}
			}
        }
        ,{
            "path" : "pages/search/search",
            "style": {
            	"app-plus":{
            		"titleNView":{
            			"searchInput":{
            				"align":"left",
            				"backgroundColor":"#F6F7F8",
            				"borderRadius":"40px",
            				"disabled":false,
            				"placeholder":"精彩热搜：帝莎编程学院",
            				"placeholderColor":"#959FA0"
            			},
            			"buttons":[{
            				"float":"right",
            				"text":"搜索",
            				"fontSize":"14px",
            				"color":"#959FA0",
            				"colorPressed":"#333333"
            			}]
            		}
            	}
            }
        }
    ],
	"globalStyle": {
		"navigationBarTextStyle": "black",
		"navigationBarTitleText": "在线点播",
		"navigationBarBackgroundColor": "#FFFFFF",
		"backgroundColor": "#FFFFFF"
	},
	"tabBar":{
		"borderStyle":"black",
		"selectedColor":"#FB7299",
		"color":"#444444",
		"list":[{
			"pagePath":"pages/index/index",
			"iconPath":"static/tabbar/find.png",
			"selectedIconPath":"static/tabbar/find-selected.png",
			"text":"发现"
		},{
			"pagePath":"pages/cate/cate",
			"iconPath":"static/tabbar/cate.png",
			"selectedIconPath":"static/tabbar/cate-selected.png",
			"text":"分类"
		},{
			"pagePath":"pages/my/my",
			"iconPath":"static/tabbar/my.png",
			"selectedIconPath":"static/tabbar/my-selected.png",
			"text":"我的"
		}]
	}
}
