[
  {
    "name": "Application Start",
    "start": 1595236804761,
    "end": 1595236806413,
    "duration": 1652,
    "pid": 12416,
    "index": 0
  },
  {
    "name": "Load Plugin",
    "start": 1595236804768,
    "end": 1595236804808,
    "duration": 40,
    "pid": 12416,
    "index": 1
  },
  {
    "name": "Load Config",
    "start": 1595236804808,
    "end": 1595236804855,
    "duration": 47,
    "pid": 12416,
    "index": 2
  },
  {
    "name": "Require(0) config/config.default.js",
    "start": 1595236804809,
    "end": 1595236804809,
    "duration": 0,
    "pid": 12416,
    "index": 3
  },
  {
    "name": "Require(1) node_modules/egg-session/config/config.default.js",
    "start": 1595236804812,
    "end": 1595236804813,
    "duration": 1,
    "pid": 12416,
    "index": 4
  },
  {
    "name": "Require(2) node_modules/egg-security/config/config.default.js",
    "start": 1595236804813,
    "end": 1595236804814,
    "duration": 1,
    "pid": 12416,
    "index": 5
  },
  {
    "name": "Require(3) node_modules/egg-jsonp/config/config.default.js",
    "start": 1595236804821,
    "end": 1595236804822,
    "duration": 1,
    "pid": 12416,
    "index": 6
  },
  {
    "name": "Require(4) node_modules/egg-onerror/config/config.default.js",
    "start": 1595236804823,
    "end": 1595236804824,
    "duration": 1,
    "pid": 12416,
    "index": 7
  },
  {
    "name": "Require(5) node_modules/egg-i18n/config/config.default.js",
    "start": 1595236804824,
    "end": 1595236804825,
    "duration": 1,
    "pid": 12416,
    "index": 8
  },
  {
    "name": "Require(6) node_modules/egg-watcher/config/config.default.js",
    "start": 1595236804826,
    "end": 1595236804827,
    "duration": 1,
    "pid": 12416,
    "index": 9
  },
  {
    "name": "Require(7) node_modules/egg-schedule/config/config.default.js",
    "start": 1595236804827,
    "end": 1595236804828,
    "duration": 1,
    "pid": 12416,
    "index": 10
  },
  {
    "name": "Require(8) node_modules/egg-multipart/config/config.default.js",
    "start": 1595236804829,
    "end": 1595236804830,
    "duration": 1,
    "pid": 12416,
    "index": 11
  },
  {
    "name": "Require(9) node_modules/egg-development/config/config.default.js",
    "start": 1595236804831,
    "end": 1595236804831,
    "duration": 0,
    "pid": 12416,
    "index": 12
  },
  {
    "name": "Require(10) node_modules/egg-logrotator/config/config.default.js",
    "start": 1595236804832,
    "end": 1595236804833,
    "duration": 1,
    "pid": 12416,
    "index": 13
  },
  {
    "name": "Require(11) node_modules/egg-static/config/config.default.js",
    "start": 1595236804834,
    "end": 1595236804834,
    "duration": 0,
    "pid": 12416,
    "index": 14
  },
  {
    "name": "Require(12) node_modules/egg-view/config/config.default.js",
    "start": 1595236804835,
    "end": 1595236804836,
    "duration": 1,
    "pid": 12416,
    "index": 15
  },
  {
    "name": "Require(13) node_modules/egg-cors/config/config.default.js",
    "start": 1595236804836,
    "end": 1595236804837,
    "duration": 1,
    "pid": 12416,
    "index": 16
  },
  {
    "name": "Require(14) node_modules/egg-sequelize/config/config.default.js",
    "start": 1595236804838,
    "end": 1595236804838,
    "duration": 0,
    "pid": 12416,
    "index": 17
  },
  {
    "name": "Require(15) node_modules/egg-valparams/config/config.default.js",
    "start": 1595236804839,
    "end": 1595236804840,
    "duration": 1,
    "pid": 12416,
    "index": 18
  },
  {
    "name": "Require(16) node_modules/egg-jwt/config/config.default.js",
    "start": 1595236804841,
    "end": 1595236804842,
    "duration": 1,
    "pid": 12416,
    "index": 19
  },
  {
    "name": "Require(17) node_modules/egg-redis/config/config.default.js",
    "start": 1595236804842,
    "end": 1595236804843,
    "duration": 1,
    "pid": 12416,
    "index": 20
  },
  {
    "name": "Require(18) node_modules/egg/config/config.default.js",
    "start": 1595236804844,
    "end": 1595236804844,
    "duration": 0,
    "pid": 12416,
    "index": 21
  },
  {
    "name": "Require(19) config/config.default.js",
    "start": 1595236804846,
    "end": 1595236804846,
    "duration": 0,
    "pid": 12416,
    "index": 22
  },
  {
    "name": "Require(20) node_modules/egg-security/config/config.local.js",
    "start": 1595236804847,
    "end": 1595236804847,
    "duration": 0,
    "pid": 12416,
    "index": 23
  },
  {
    "name": "Require(21) node_modules/egg-watcher/config/config.local.js",
    "start": 1595236804849,
    "end": 1595236804849,
    "duration": 0,
    "pid": 12416,
    "index": 24
  },
  {
    "name": "Require(22) node_modules/egg-view/config/config.local.js",
    "start": 1595236804852,
    "end": 1595236804852,
    "duration": 0,
    "pid": 12416,
    "index": 25
  },
  {
    "name": "Require(23) node_modules/egg/config/config.local.js",
    "start": 1595236804855,
    "end": 1595236804855,
    "duration": 0,
    "pid": 12416,
    "index": 26
  },
  {
    "name": "Load extend/application.js",
    "start": 1595236804857,
    "end": 1595236804935,
    "duration": 78,
    "pid": 12416,
    "index": 27
  },
  {
    "name": "Require(24) node_modules/egg-session/app/extend/application.js",
    "start": 1595236804858,
    "end": 1595236804859,
    "duration": 1,
    "pid": 12416,
    "index": 28
  },
  {
    "name": "Require(25) node_modules/egg-security/app/extend/application.js",
    "start": 1595236804859,
    "end": 1595236804861,
    "duration": 2,
    "pid": 12416,
    "index": 29
  },
  {
    "name": "Require(26) node_modules/egg-jsonp/app/extend/application.js",
    "start": 1595236804862,
    "end": 1595236804864,
    "duration": 2,
    "pid": 12416,
    "index": 30
  },
  {
    "name": "Require(27) node_modules/egg-logrotator/app/extend/application.js",
    "start": 1595236804867,
    "end": 1595236804870,
    "duration": 3,
    "pid": 12416,
    "index": 31
  },
  {
    "name": "Require(28) node_modules/egg-view/app/extend/application.js",
    "start": 1595236804871,
    "end": 1595236804873,
    "duration": 2,
    "pid": 12416,
    "index": 32
  },
  {
    "name": "Require(29) node_modules/egg-jwt/app/extend/application.js",
    "start": 1595236804875,
    "end": 1595236804927,
    "duration": 52,
    "pid": 12416,
    "index": 33
  },
  {
    "name": "Load extend/request.js",
    "start": 1595236804935,
    "end": 1595236804950,
    "duration": 15,
    "pid": 12416,
    "index": 34
  },
  {
    "name": "Require(30) node_modules/egg/app/extend/request.js",
    "start": 1595236804942,
    "end": 1595236804943,
    "duration": 1,
    "pid": 12416,
    "index": 35
  },
  {
    "name": "Load extend/response.js",
    "start": 1595236804950,
    "end": 1595236804964,
    "duration": 14,
    "pid": 12416,
    "index": 36
  },
  {
    "name": "Require(31) node_modules/egg/app/extend/response.js",
    "start": 1595236804956,
    "end": 1595236804958,
    "duration": 2,
    "pid": 12416,
    "index": 37
  },
  {
    "name": "Load extend/context.js",
    "start": 1595236804964,
    "end": 1595236805099,
    "duration": 135,
    "pid": 12416,
    "index": 38
  },
  {
    "name": "Require(32) node_modules/egg-security/app/extend/context.js",
    "start": 1595236804965,
    "end": 1595236804983,
    "duration": 18,
    "pid": 12416,
    "index": 39
  },
  {
    "name": "Require(33) node_modules/egg-jsonp/app/extend/context.js",
    "start": 1595236804983,
    "end": 1595236804985,
    "duration": 2,
    "pid": 12416,
    "index": 40
  },
  {
    "name": "Require(34) node_modules/egg-i18n/app/extend/context.js",
    "start": 1595236804986,
    "end": 1595236804987,
    "duration": 1,
    "pid": 12416,
    "index": 41
  },
  {
    "name": "Require(35) node_modules/egg-multipart/app/extend/context.js",
    "start": 1595236804988,
    "end": 1595236805051,
    "duration": 63,
    "pid": 12416,
    "index": 42
  },
  {
    "name": "Require(36) node_modules/egg-view/app/extend/context.js",
    "start": 1595236805052,
    "end": 1595236805053,
    "duration": 1,
    "pid": 12416,
    "index": 43
  },
  {
    "name": "Require(37) node_modules/egg-valparams/app/extend/context.js",
    "start": 1595236805055,
    "end": 1595236805085,
    "duration": 30,
    "pid": 12416,
    "index": 44
  },
  {
    "name": "Require(38) node_modules/egg/app/extend/context.js",
    "start": 1595236805087,
    "end": 1595236805088,
    "duration": 1,
    "pid": 12416,
    "index": 45
  },
  {
    "name": "Require(39) app/extend/context.js",
    "start": 1595236805090,
    "end": 1595236805091,
    "duration": 1,
    "pid": 12416,
    "index": 46
  },
  {
    "name": "Load extend/helper.js",
    "start": 1595236805099,
    "end": 1595236805145,
    "duration": 46,
    "pid": 12416,
    "index": 47
  },
  {
    "name": "Require(40) node_modules/egg-security/app/extend/helper.js",
    "start": 1595236805100,
    "end": 1595236805131,
    "duration": 31,
    "pid": 12416,
    "index": 48
  },
  {
    "name": "Require(41) node_modules/egg/app/extend/helper.js",
    "start": 1595236805137,
    "end": 1595236805138,
    "duration": 1,
    "pid": 12416,
    "index": 49
  },
  {
    "name": "Load app.js",
    "start": 1595236805146,
    "end": 1595236805654,
    "duration": 508,
    "pid": 12416,
    "index": 50
  },
  {
    "name": "Require(42) node_modules/egg-session/app.js",
    "start": 1595236805147,
    "end": 1595236805147,
    "duration": 0,
    "pid": 12416,
    "index": 51
  },
  {
    "name": "Require(43) node_modules/egg-security/app.js",
    "start": 1595236805148,
    "end": 1595236805150,
    "duration": 2,
    "pid": 12416,
    "index": 52
  },
  {
    "name": "Require(44) node_modules/egg-onerror/app.js",
    "start": 1595236805151,
    "end": 1595236805163,
    "duration": 12,
    "pid": 12416,
    "index": 53
  },
  {
    "name": "Require(45) node_modules/egg-i18n/app.js",
    "start": 1595236805164,
    "end": 1595236805191,
    "duration": 27,
    "pid": 12416,
    "index": 54
  },
  {
    "name": "Require(46) node_modules/egg-watcher/app.js",
    "start": 1595236805192,
    "end": 1595236805199,
    "duration": 7,
    "pid": 12416,
    "index": 55
  },
  {
    "name": "Require(47) node_modules/egg-schedule/app.js",
    "start": 1595236805200,
    "end": 1595236805204,
    "duration": 4,
    "pid": 12416,
    "index": 56
  },
  {
    "name": "Require(48) node_modules/egg-multipart/app.js",
    "start": 1595236805204,
    "end": 1595236805205,
    "duration": 1,
    "pid": 12416,
    "index": 57
  },
  {
    "name": "Require(49) node_modules/egg-development/app.js",
    "start": 1595236805206,
    "end": 1595236805206,
    "duration": 0,
    "pid": 12416,
    "index": 58
  },
  {
    "name": "Require(50) node_modules/egg-logrotator/app.js",
    "start": 1595236805207,
    "end": 1595236805208,
    "duration": 1,
    "pid": 12416,
    "index": 59
  },
  {
    "name": "Require(51) node_modules/egg-static/app.js",
    "start": 1595236805209,
    "end": 1595236805209,
    "duration": 0,
    "pid": 12416,
    "index": 60
  },
  {
    "name": "Require(52) node_modules/egg-cors/app.js",
    "start": 1595236805211,
    "end": 1595236805211,
    "duration": 0,
    "pid": 12416,
    "index": 61
  },
  {
    "name": "Require(53) node_modules/egg-sequelize/app.js",
    "start": 1595236805212,
    "end": 1595236805213,
    "duration": 1,
    "pid": 12416,
    "index": 62
  },
  {
    "name": "Require(54) node_modules/egg-valparams/app.js",
    "start": 1595236805213,
    "end": 1595236805648,
    "duration": 435,
    "pid": 12416,
    "index": 63
  },
  {
    "name": "Require(55) node_modules/egg-jwt/app.js",
    "start": 1595236805649,
    "end": 1595236805649,
    "duration": 0,
    "pid": 12416,
    "index": 64
  },
  {
    "name": "Require(56) node_modules/egg-redis/app.js",
    "start": 1595236805650,
    "end": 1595236805652,
    "duration": 2,
    "pid": 12416,
    "index": 65
  },
  {
    "name": "Before Start in node_modules/egg-watcher/lib/init.js:15:14",
    "start": 1595236805666,
    "end": 1595236806318,
    "duration": 652,
    "pid": 12416,
    "index": 66
  },
  {
    "name": "Load \"Symbol(model)\" to Application",
    "start": 1595236805898,
    "end": 1595236805931,
    "duration": 33,
    "pid": 12416,
    "index": 67
  },
  {
    "name": "Before Start in node_modules/egg-sequelize/lib/loader.js:39:7",
    "start": 1595236805938,
    "end": 1595236806413,
    "duration": 475,
    "pid": 12416,
    "index": 68
  },
  {
    "name": "Before Start in node_modules/egg-redis/lib/redis.js:53:7",
    "start": 1595236806023,
    "end": 1595236806291,
    "duration": 268,
    "pid": 12416,
    "index": 69
  },
  {
    "name": "Load Service",
    "start": 1595236806024,
    "end": 1595236806043,
    "duration": 19,
    "pid": 12416,
    "index": 70
  },
  {
    "name": "Load \"service\" to Context",
    "start": 1595236806025,
    "end": 1595236806043,
    "duration": 18,
    "pid": 12416,
    "index": 71
  },
  {
    "name": "Load Middleware",
    "start": 1595236806043,
    "end": 1595236806178,
    "duration": 135,
    "pid": 12416,
    "index": 72
  },
  {
    "name": "Load \"middlewares\" to Application",
    "start": 1595236806043,
    "end": 1595236806164,
    "duration": 121,
    "pid": 12416,
    "index": 73
  },
  {
    "name": "Load Controller",
    "start": 1595236806178,
    "end": 1595236806198,
    "duration": 20,
    "pid": 12416,
    "index": 74
  },
  {
    "name": "Load \"controller\" to Application",
    "start": 1595236806178,
    "end": 1595236806198,
    "duration": 20,
    "pid": 12416,
    "index": 75
  },
  {
    "name": "Load Router",
    "start": 1595236806198,
    "end": 1595236806201,
    "duration": 3,
    "pid": 12416,
    "index": 76
  },
  {
    "name": "Require(57) app/router.js",
    "start": 1595236806199,
    "end": 1595236806199,
    "duration": 0,
    "pid": 12416,
    "index": 77
  },
  {
    "name": "Before Start in node_modules/egg-core/lib/egg.js:303:10",
    "start": 1595236806200,
    "end": 1595236806276,
    "duration": 76,
    "pid": 12416,
    "index": 78
  }
]