[
  {
    "name": "Application Start",
    "start": 1595236873328,
    "end": 1595236874970,
    "duration": 1642,
    "pid": 20396,
    "index": 0
  },
  {
    "name": "Load Plugin",
    "start": 1595236873335,
    "end": 1595236873375,
    "duration": 40,
    "pid": 20396,
    "index": 1
  },
  {
    "name": "Load Config",
    "start": 1595236873376,
    "end": 1595236873424,
    "duration": 48,
    "pid": 20396,
    "index": 2
  },
  {
    "name": "Require(0) config/config.default.js",
    "start": 1595236873377,
    "end": 1595236873378,
    "duration": 1,
    "pid": 20396,
    "index": 3
  },
  {
    "name": "Require(1) node_modules/egg-session/config/config.default.js",
    "start": 1595236873383,
    "end": 1595236873384,
    "duration": 1,
    "pid": 20396,
    "index": 4
  },
  {
    "name": "Require(2) node_modules/egg-security/config/config.default.js",
    "start": 1595236873385,
    "end": 1595236873386,
    "duration": 1,
    "pid": 20396,
    "index": 5
  },
  {
    "name": "Require(3) node_modules/egg-jsonp/config/config.default.js",
    "start": 1595236873390,
    "end": 1595236873391,
    "duration": 1,
    "pid": 20396,
    "index": 6
  },
  {
    "name": "Require(4) node_modules/egg-onerror/config/config.default.js",
    "start": 1595236873392,
    "end": 1595236873393,
    "duration": 1,
    "pid": 20396,
    "index": 7
  },
  {
    "name": "Require(5) node_modules/egg-i18n/config/config.default.js",
    "start": 1595236873393,
    "end": 1595236873394,
    "duration": 1,
    "pid": 20396,
    "index": 8
  },
  {
    "name": "Require(6) node_modules/egg-watcher/config/config.default.js",
    "start": 1595236873395,
    "end": 1595236873396,
    "duration": 1,
    "pid": 20396,
    "index": 9
  },
  {
    "name": "Require(7) node_modules/egg-schedule/config/config.default.js",
    "start": 1595236873396,
    "end": 1595236873397,
    "duration": 1,
    "pid": 20396,
    "index": 10
  },
  {
    "name": "Require(8) node_modules/egg-multipart/config/config.default.js",
    "start": 1595236873398,
    "end": 1595236873399,
    "duration": 1,
    "pid": 20396,
    "index": 11
  },
  {
    "name": "Require(9) node_modules/egg-development/config/config.default.js",
    "start": 1595236873400,
    "end": 1595236873400,
    "duration": 0,
    "pid": 20396,
    "index": 12
  },
  {
    "name": "Require(10) node_modules/egg-logrotator/config/config.default.js",
    "start": 1595236873401,
    "end": 1595236873402,
    "duration": 1,
    "pid": 20396,
    "index": 13
  },
  {
    "name": "Require(11) node_modules/egg-static/config/config.default.js",
    "start": 1595236873402,
    "end": 1595236873403,
    "duration": 1,
    "pid": 20396,
    "index": 14
  },
  {
    "name": "Require(12) node_modules/egg-view/config/config.default.js",
    "start": 1595236873404,
    "end": 1595236873405,
    "duration": 1,
    "pid": 20396,
    "index": 15
  },
  {
    "name": "Require(13) node_modules/egg-cors/config/config.default.js",
    "start": 1595236873406,
    "end": 1595236873406,
    "duration": 0,
    "pid": 20396,
    "index": 16
  },
  {
    "name": "Require(14) node_modules/egg-sequelize/config/config.default.js",
    "start": 1595236873407,
    "end": 1595236873408,
    "duration": 1,
    "pid": 20396,
    "index": 17
  },
  {
    "name": "Require(15) node_modules/egg-valparams/config/config.default.js",
    "start": 1595236873408,
    "end": 1595236873409,
    "duration": 1,
    "pid": 20396,
    "index": 18
  },
  {
    "name": "Require(16) node_modules/egg-jwt/config/config.default.js",
    "start": 1595236873410,
    "end": 1595236873410,
    "duration": 0,
    "pid": 20396,
    "index": 19
  },
  {
    "name": "Require(17) node_modules/egg-redis/config/config.default.js",
    "start": 1595236873411,
    "end": 1595236873412,
    "duration": 1,
    "pid": 20396,
    "index": 20
  },
  {
    "name": "Require(18) node_modules/egg/config/config.default.js",
    "start": 1595236873412,
    "end": 1595236873413,
    "duration": 1,
    "pid": 20396,
    "index": 21
  },
  {
    "name": "Require(19) config/config.default.js",
    "start": 1595236873414,
    "end": 1595236873414,
    "duration": 0,
    "pid": 20396,
    "index": 22
  },
  {
    "name": "Require(20) node_modules/egg-security/config/config.local.js",
    "start": 1595236873416,
    "end": 1595236873416,
    "duration": 0,
    "pid": 20396,
    "index": 23
  },
  {
    "name": "Require(21) node_modules/egg-watcher/config/config.local.js",
    "start": 1595236873418,
    "end": 1595236873418,
    "duration": 0,
    "pid": 20396,
    "index": 24
  },
  {
    "name": "Require(22) node_modules/egg-view/config/config.local.js",
    "start": 1595236873421,
    "end": 1595236873421,
    "duration": 0,
    "pid": 20396,
    "index": 25
  },
  {
    "name": "Require(23) node_modules/egg/config/config.local.js",
    "start": 1595236873424,
    "end": 1595236873424,
    "duration": 0,
    "pid": 20396,
    "index": 26
  },
  {
    "name": "Load extend/application.js",
    "start": 1595236873425,
    "end": 1595236873504,
    "duration": 79,
    "pid": 20396,
    "index": 27
  },
  {
    "name": "Require(24) node_modules/egg-session/app/extend/application.js",
    "start": 1595236873426,
    "end": 1595236873427,
    "duration": 1,
    "pid": 20396,
    "index": 28
  },
  {
    "name": "Require(25) node_modules/egg-security/app/extend/application.js",
    "start": 1595236873428,
    "end": 1595236873430,
    "duration": 2,
    "pid": 20396,
    "index": 29
  },
  {
    "name": "Require(26) node_modules/egg-jsonp/app/extend/application.js",
    "start": 1595236873431,
    "end": 1595236873433,
    "duration": 2,
    "pid": 20396,
    "index": 30
  },
  {
    "name": "Require(27) node_modules/egg-logrotator/app/extend/application.js",
    "start": 1595236873436,
    "end": 1595236873438,
    "duration": 2,
    "pid": 20396,
    "index": 31
  },
  {
    "name": "Require(28) node_modules/egg-view/app/extend/application.js",
    "start": 1595236873440,
    "end": 1595236873442,
    "duration": 2,
    "pid": 20396,
    "index": 32
  },
  {
    "name": "Require(29) node_modules/egg-jwt/app/extend/application.js",
    "start": 1595236873444,
    "end": 1595236873496,
    "duration": 52,
    "pid": 20396,
    "index": 33
  },
  {
    "name": "Load extend/request.js",
    "start": 1595236873504,
    "end": 1595236873519,
    "duration": 15,
    "pid": 20396,
    "index": 34
  },
  {
    "name": "Require(30) node_modules/egg/app/extend/request.js",
    "start": 1595236873511,
    "end": 1595236873512,
    "duration": 1,
    "pid": 20396,
    "index": 35
  },
  {
    "name": "Load extend/response.js",
    "start": 1595236873519,
    "end": 1595236873535,
    "duration": 16,
    "pid": 20396,
    "index": 36
  },
  {
    "name": "Require(31) node_modules/egg/app/extend/response.js",
    "start": 1595236873526,
    "end": 1595236873528,
    "duration": 2,
    "pid": 20396,
    "index": 37
  },
  {
    "name": "Load extend/context.js",
    "start": 1595236873535,
    "end": 1595236873656,
    "duration": 121,
    "pid": 20396,
    "index": 38
  },
  {
    "name": "Require(32) node_modules/egg-security/app/extend/context.js",
    "start": 1595236873536,
    "end": 1595236873552,
    "duration": 16,
    "pid": 20396,
    "index": 39
  },
  {
    "name": "Require(33) node_modules/egg-jsonp/app/extend/context.js",
    "start": 1595236873552,
    "end": 1595236873555,
    "duration": 3,
    "pid": 20396,
    "index": 40
  },
  {
    "name": "Require(34) node_modules/egg-i18n/app/extend/context.js",
    "start": 1595236873556,
    "end": 1595236873556,
    "duration": 0,
    "pid": 20396,
    "index": 41
  },
  {
    "name": "Require(35) node_modules/egg-multipart/app/extend/context.js",
    "start": 1595236873558,
    "end": 1595236873615,
    "duration": 57,
    "pid": 20396,
    "index": 42
  },
  {
    "name": "Require(36) node_modules/egg-view/app/extend/context.js",
    "start": 1595236873617,
    "end": 1595236873618,
    "duration": 1,
    "pid": 20396,
    "index": 43
  },
  {
    "name": "Require(37) node_modules/egg-valparams/app/extend/context.js",
    "start": 1595236873619,
    "end": 1595236873646,
    "duration": 27,
    "pid": 20396,
    "index": 44
  },
  {
    "name": "Require(38) node_modules/egg/app/extend/context.js",
    "start": 1595236873647,
    "end": 1595236873648,
    "duration": 1,
    "pid": 20396,
    "index": 45
  },
  {
    "name": "Require(39) app/extend/context.js",
    "start": 1595236873649,
    "end": 1595236873649,
    "duration": 0,
    "pid": 20396,
    "index": 46
  },
  {
    "name": "Load extend/helper.js",
    "start": 1595236873656,
    "end": 1595236873695,
    "duration": 39,
    "pid": 20396,
    "index": 47
  },
  {
    "name": "Require(40) node_modules/egg-security/app/extend/helper.js",
    "start": 1595236873657,
    "end": 1595236873682,
    "duration": 25,
    "pid": 20396,
    "index": 48
  },
  {
    "name": "Require(41) node_modules/egg/app/extend/helper.js",
    "start": 1595236873688,
    "end": 1595236873688,
    "duration": 0,
    "pid": 20396,
    "index": 49
  },
  {
    "name": "Load app.js",
    "start": 1595236873695,
    "end": 1595236874196,
    "duration": 501,
    "pid": 20396,
    "index": 50
  },
  {
    "name": "Require(42) node_modules/egg-session/app.js",
    "start": 1595236873696,
    "end": 1595236873696,
    "duration": 0,
    "pid": 20396,
    "index": 51
  },
  {
    "name": "Require(43) node_modules/egg-security/app.js",
    "start": 1595236873697,
    "end": 1595236873699,
    "duration": 2,
    "pid": 20396,
    "index": 52
  },
  {
    "name": "Require(44) node_modules/egg-onerror/app.js",
    "start": 1595236873701,
    "end": 1595236873713,
    "duration": 12,
    "pid": 20396,
    "index": 53
  },
  {
    "name": "Require(45) node_modules/egg-i18n/app.js",
    "start": 1595236873713,
    "end": 1595236873737,
    "duration": 24,
    "pid": 20396,
    "index": 54
  },
  {
    "name": "Require(46) node_modules/egg-watcher/app.js",
    "start": 1595236873738,
    "end": 1595236873746,
    "duration": 8,
    "pid": 20396,
    "index": 55
  },
  {
    "name": "Require(47) node_modules/egg-schedule/app.js",
    "start": 1595236873747,
    "end": 1595236873750,
    "duration": 3,
    "pid": 20396,
    "index": 56
  },
  {
    "name": "Require(48) node_modules/egg-multipart/app.js",
    "start": 1595236873751,
    "end": 1595236873752,
    "duration": 1,
    "pid": 20396,
    "index": 57
  },
  {
    "name": "Require(49) node_modules/egg-development/app.js",
    "start": 1595236873753,
    "end": 1595236873753,
    "duration": 0,
    "pid": 20396,
    "index": 58
  },
  {
    "name": "Require(50) node_modules/egg-logrotator/app.js",
    "start": 1595236873754,
    "end": 1595236873755,
    "duration": 1,
    "pid": 20396,
    "index": 59
  },
  {
    "name": "Require(51) node_modules/egg-static/app.js",
    "start": 1595236873755,
    "end": 1595236873756,
    "duration": 1,
    "pid": 20396,
    "index": 60
  },
  {
    "name": "Require(52) node_modules/egg-cors/app.js",
    "start": 1595236873758,
    "end": 1595236873758,
    "duration": 0,
    "pid": 20396,
    "index": 61
  },
  {
    "name": "Require(53) node_modules/egg-sequelize/app.js",
    "start": 1595236873759,
    "end": 1595236873759,
    "duration": 0,
    "pid": 20396,
    "index": 62
  },
  {
    "name": "Require(54) node_modules/egg-valparams/app.js",
    "start": 1595236873760,
    "end": 1595236874190,
    "duration": 430,
    "pid": 20396,
    "index": 63
  },
  {
    "name": "Require(55) node_modules/egg-jwt/app.js",
    "start": 1595236874191,
    "end": 1595236874192,
    "duration": 1,
    "pid": 20396,
    "index": 64
  },
  {
    "name": "Require(56) node_modules/egg-redis/app.js",
    "start": 1595236874192,
    "end": 1595236874194,
    "duration": 2,
    "pid": 20396,
    "index": 65
  },
  {
    "name": "Before Start in node_modules/egg-watcher/lib/init.js:15:14",
    "start": 1595236874212,
    "end": 1595236874913,
    "duration": 701,
    "pid": 20396,
    "index": 66
  },
  {
    "name": "Load \"Symbol(model)\" to Application",
    "start": 1595236874433,
    "end": 1595236874472,
    "duration": 39,
    "pid": 20396,
    "index": 67
  },
  {
    "name": "Before Start in node_modules/egg-sequelize/lib/loader.js:39:7",
    "start": 1595236874480,
    "end": 1595236874969,
    "duration": 489,
    "pid": 20396,
    "index": 68
  },
  {
    "name": "Before Start in node_modules/egg-redis/lib/redis.js:53:7",
    "start": 1595236874568,
    "end": 1595236874865,
    "duration": 297,
    "pid": 20396,
    "index": 69
  },
  {
    "name": "Load Service",
    "start": 1595236874568,
    "end": 1595236874588,
    "duration": 20,
    "pid": 20396,
    "index": 70
  },
  {
    "name": "Load \"service\" to Context",
    "start": 1595236874569,
    "end": 1595236874588,
    "duration": 19,
    "pid": 20396,
    "index": 71
  },
  {
    "name": "Load Middleware",
    "start": 1595236874588,
    "end": 1595236874747,
    "duration": 159,
    "pid": 20396,
    "index": 72
  },
  {
    "name": "Load \"middlewares\" to Application",
    "start": 1595236874588,
    "end": 1595236874731,
    "duration": 143,
    "pid": 20396,
    "index": 73
  },
  {
    "name": "Load Controller",
    "start": 1595236874747,
    "end": 1595236874770,
    "duration": 23,
    "pid": 20396,
    "index": 74
  },
  {
    "name": "Load \"controller\" to Application",
    "start": 1595236874747,
    "end": 1595236874770,
    "duration": 23,
    "pid": 20396,
    "index": 75
  },
  {
    "name": "Load Router",
    "start": 1595236874770,
    "end": 1595236874773,
    "duration": 3,
    "pid": 20396,
    "index": 76
  },
  {
    "name": "Require(57) app/router.js",
    "start": 1595236874770,
    "end": 1595236874771,
    "duration": 1,
    "pid": 20396,
    "index": 77
  },
  {
    "name": "Before Start in node_modules/egg-core/lib/egg.js:303:10",
    "start": 1595236874771,
    "end": 1595236874811,
    "duration": 40,
    "pid": 20396,
    "index": 78
  }
]