[
  {
    "name": "Application Start",
    "start": 1595236829528,
    "end": 1595236831360,
    "duration": 1832,
    "pid": 2340,
    "index": 0
  },
  {
    "name": "Load Plugin",
    "start": 1595236829540,
    "end": 1595236829587,
    "duration": 47,
    "pid": 2340,
    "index": 1
  },
  {
    "name": "Load Config",
    "start": 1595236829587,
    "end": 1595236829634,
    "duration": 47,
    "pid": 2340,
    "index": 2
  },
  {
    "name": "Require(0) config/config.default.js",
    "start": 1595236829588,
    "end": 1595236829589,
    "duration": 1,
    "pid": 2340,
    "index": 3
  },
  {
    "name": "Require(1) node_modules/egg-session/config/config.default.js",
    "start": 1595236829592,
    "end": 1595236829592,
    "duration": 0,
    "pid": 2340,
    "index": 4
  },
  {
    "name": "Require(2) node_modules/egg-security/config/config.default.js",
    "start": 1595236829596,
    "end": 1595236829597,
    "duration": 1,
    "pid": 2340,
    "index": 5
  },
  {
    "name": "Require(3) node_modules/egg-jsonp/config/config.default.js",
    "start": 1595236829599,
    "end": 1595236829599,
    "duration": 0,
    "pid": 2340,
    "index": 6
  },
  {
    "name": "Require(4) node_modules/egg-onerror/config/config.default.js",
    "start": 1595236829600,
    "end": 1595236829601,
    "duration": 1,
    "pid": 2340,
    "index": 7
  },
  {
    "name": "Require(5) node_modules/egg-i18n/config/config.default.js",
    "start": 1595236829602,
    "end": 1595236829603,
    "duration": 1,
    "pid": 2340,
    "index": 8
  },
  {
    "name": "Require(6) node_modules/egg-watcher/config/config.default.js",
    "start": 1595236829604,
    "end": 1595236829604,
    "duration": 0,
    "pid": 2340,
    "index": 9
  },
  {
    "name": "Require(7) node_modules/egg-schedule/config/config.default.js",
    "start": 1595236829605,
    "end": 1595236829606,
    "duration": 1,
    "pid": 2340,
    "index": 10
  },
  {
    "name": "Require(8) node_modules/egg-multipart/config/config.default.js",
    "start": 1595236829607,
    "end": 1595236829608,
    "duration": 1,
    "pid": 2340,
    "index": 11
  },
  {
    "name": "Require(9) node_modules/egg-development/config/config.default.js",
    "start": 1595236829609,
    "end": 1595236829610,
    "duration": 1,
    "pid": 2340,
    "index": 12
  },
  {
    "name": "Require(10) node_modules/egg-logrotator/config/config.default.js",
    "start": 1595236829610,
    "end": 1595236829611,
    "duration": 1,
    "pid": 2340,
    "index": 13
  },
  {
    "name": "Require(11) node_modules/egg-static/config/config.default.js",
    "start": 1595236829612,
    "end": 1595236829613,
    "duration": 1,
    "pid": 2340,
    "index": 14
  },
  {
    "name": "Require(12) node_modules/egg-view/config/config.default.js",
    "start": 1595236829613,
    "end": 1595236829614,
    "duration": 1,
    "pid": 2340,
    "index": 15
  },
  {
    "name": "Require(13) node_modules/egg-cors/config/config.default.js",
    "start": 1595236829615,
    "end": 1595236829616,
    "duration": 1,
    "pid": 2340,
    "index": 16
  },
  {
    "name": "Require(14) node_modules/egg-sequelize/config/config.default.js",
    "start": 1595236829616,
    "end": 1595236829617,
    "duration": 1,
    "pid": 2340,
    "index": 17
  },
  {
    "name": "Require(15) node_modules/egg-valparams/config/config.default.js",
    "start": 1595236829618,
    "end": 1595236829618,
    "duration": 0,
    "pid": 2340,
    "index": 18
  },
  {
    "name": "Require(16) node_modules/egg-jwt/config/config.default.js",
    "start": 1595236829619,
    "end": 1595236829620,
    "duration": 1,
    "pid": 2340,
    "index": 19
  },
  {
    "name": "Require(17) node_modules/egg-redis/config/config.default.js",
    "start": 1595236829621,
    "end": 1595236829621,
    "duration": 0,
    "pid": 2340,
    "index": 20
  },
  {
    "name": "Require(18) node_modules/egg/config/config.default.js",
    "start": 1595236829622,
    "end": 1595236829622,
    "duration": 0,
    "pid": 2340,
    "index": 21
  },
  {
    "name": "Require(19) config/config.default.js",
    "start": 1595236829624,
    "end": 1595236829624,
    "duration": 0,
    "pid": 2340,
    "index": 22
  },
  {
    "name": "Require(20) node_modules/egg-security/config/config.local.js",
    "start": 1595236829625,
    "end": 1595236829626,
    "duration": 1,
    "pid": 2340,
    "index": 23
  },
  {
    "name": "Require(21) node_modules/egg-watcher/config/config.local.js",
    "start": 1595236829628,
    "end": 1595236829628,
    "duration": 0,
    "pid": 2340,
    "index": 24
  },
  {
    "name": "Require(22) node_modules/egg-view/config/config.local.js",
    "start": 1595236829630,
    "end": 1595236829631,
    "duration": 1,
    "pid": 2340,
    "index": 25
  },
  {
    "name": "Require(23) node_modules/egg/config/config.local.js",
    "start": 1595236829633,
    "end": 1595236829634,
    "duration": 1,
    "pid": 2340,
    "index": 26
  },
  {
    "name": "Load extend/application.js",
    "start": 1595236829635,
    "end": 1595236829735,
    "duration": 100,
    "pid": 2340,
    "index": 27
  },
  {
    "name": "Require(24) node_modules/egg-session/app/extend/application.js",
    "start": 1595236829637,
    "end": 1595236829637,
    "duration": 0,
    "pid": 2340,
    "index": 28
  },
  {
    "name": "Require(25) node_modules/egg-security/app/extend/application.js",
    "start": 1595236829638,
    "end": 1595236829640,
    "duration": 2,
    "pid": 2340,
    "index": 29
  },
  {
    "name": "Require(26) node_modules/egg-jsonp/app/extend/application.js",
    "start": 1595236829641,
    "end": 1595236829643,
    "duration": 2,
    "pid": 2340,
    "index": 30
  },
  {
    "name": "Require(27) node_modules/egg-logrotator/app/extend/application.js",
    "start": 1595236829646,
    "end": 1595236829649,
    "duration": 3,
    "pid": 2340,
    "index": 31
  },
  {
    "name": "Require(28) node_modules/egg-view/app/extend/application.js",
    "start": 1595236829650,
    "end": 1595236829653,
    "duration": 3,
    "pid": 2340,
    "index": 32
  },
  {
    "name": "Require(29) node_modules/egg-jwt/app/extend/application.js",
    "start": 1595236829655,
    "end": 1595236829724,
    "duration": 69,
    "pid": 2340,
    "index": 33
  },
  {
    "name": "Load extend/request.js",
    "start": 1595236829736,
    "end": 1595236829755,
    "duration": 19,
    "pid": 2340,
    "index": 34
  },
  {
    "name": "Require(30) node_modules/egg/app/extend/request.js",
    "start": 1595236829744,
    "end": 1595236829746,
    "duration": 2,
    "pid": 2340,
    "index": 35
  },
  {
    "name": "Load extend/response.js",
    "start": 1595236829755,
    "end": 1595236829774,
    "duration": 19,
    "pid": 2340,
    "index": 36
  },
  {
    "name": "Require(31) node_modules/egg/app/extend/response.js",
    "start": 1595236829763,
    "end": 1595236829766,
    "duration": 3,
    "pid": 2340,
    "index": 37
  },
  {
    "name": "Load extend/context.js",
    "start": 1595236829774,
    "end": 1595236829901,
    "duration": 127,
    "pid": 2340,
    "index": 38
  },
  {
    "name": "Require(32) node_modules/egg-security/app/extend/context.js",
    "start": 1595236829775,
    "end": 1595236829791,
    "duration": 16,
    "pid": 2340,
    "index": 39
  },
  {
    "name": "Require(33) node_modules/egg-jsonp/app/extend/context.js",
    "start": 1595236829792,
    "end": 1595236829794,
    "duration": 2,
    "pid": 2340,
    "index": 40
  },
  {
    "name": "Require(34) node_modules/egg-i18n/app/extend/context.js",
    "start": 1595236829795,
    "end": 1595236829796,
    "duration": 1,
    "pid": 2340,
    "index": 41
  },
  {
    "name": "Require(35) node_modules/egg-multipart/app/extend/context.js",
    "start": 1595236829798,
    "end": 1595236829859,
    "duration": 61,
    "pid": 2340,
    "index": 42
  },
  {
    "name": "Require(36) node_modules/egg-view/app/extend/context.js",
    "start": 1595236829861,
    "end": 1595236829862,
    "duration": 1,
    "pid": 2340,
    "index": 43
  },
  {
    "name": "Require(37) node_modules/egg-valparams/app/extend/context.js",
    "start": 1595236829864,
    "end": 1595236829890,
    "duration": 26,
    "pid": 2340,
    "index": 44
  },
  {
    "name": "Require(38) node_modules/egg/app/extend/context.js",
    "start": 1595236829892,
    "end": 1595236829893,
    "duration": 1,
    "pid": 2340,
    "index": 45
  },
  {
    "name": "Require(39) app/extend/context.js",
    "start": 1595236829894,
    "end": 1595236829894,
    "duration": 0,
    "pid": 2340,
    "index": 46
  },
  {
    "name": "Load extend/helper.js",
    "start": 1595236829901,
    "end": 1595236829944,
    "duration": 43,
    "pid": 2340,
    "index": 47
  },
  {
    "name": "Require(40) node_modules/egg-security/app/extend/helper.js",
    "start": 1595236829903,
    "end": 1595236829931,
    "duration": 28,
    "pid": 2340,
    "index": 48
  },
  {
    "name": "Require(41) node_modules/egg/app/extend/helper.js",
    "start": 1595236829937,
    "end": 1595236829937,
    "duration": 0,
    "pid": 2340,
    "index": 49
  },
  {
    "name": "Load app.js",
    "start": 1595236829945,
    "end": 1595236830489,
    "duration": 544,
    "pid": 2340,
    "index": 50
  },
  {
    "name": "Require(42) node_modules/egg-session/app.js",
    "start": 1595236829945,
    "end": 1595236829946,
    "duration": 1,
    "pid": 2340,
    "index": 51
  },
  {
    "name": "Require(43) node_modules/egg-security/app.js",
    "start": 1595236829946,
    "end": 1595236829949,
    "duration": 3,
    "pid": 2340,
    "index": 52
  },
  {
    "name": "Require(44) node_modules/egg-onerror/app.js",
    "start": 1595236829950,
    "end": 1595236829963,
    "duration": 13,
    "pid": 2340,
    "index": 53
  },
  {
    "name": "Require(45) node_modules/egg-i18n/app.js",
    "start": 1595236829965,
    "end": 1595236829995,
    "duration": 30,
    "pid": 2340,
    "index": 54
  },
  {
    "name": "Require(46) node_modules/egg-watcher/app.js",
    "start": 1595236829995,
    "end": 1595236830003,
    "duration": 8,
    "pid": 2340,
    "index": 55
  },
  {
    "name": "Require(47) node_modules/egg-schedule/app.js",
    "start": 1595236830003,
    "end": 1595236830007,
    "duration": 4,
    "pid": 2340,
    "index": 56
  },
  {
    "name": "Require(48) node_modules/egg-multipart/app.js",
    "start": 1595236830008,
    "end": 1595236830009,
    "duration": 1,
    "pid": 2340,
    "index": 57
  },
  {
    "name": "Require(49) node_modules/egg-development/app.js",
    "start": 1595236830010,
    "end": 1595236830010,
    "duration": 0,
    "pid": 2340,
    "index": 58
  },
  {
    "name": "Require(50) node_modules/egg-logrotator/app.js",
    "start": 1595236830011,
    "end": 1595236830012,
    "duration": 1,
    "pid": 2340,
    "index": 59
  },
  {
    "name": "Require(51) node_modules/egg-static/app.js",
    "start": 1595236830012,
    "end": 1595236830013,
    "duration": 1,
    "pid": 2340,
    "index": 60
  },
  {
    "name": "Require(52) node_modules/egg-cors/app.js",
    "start": 1595236830014,
    "end": 1595236830015,
    "duration": 1,
    "pid": 2340,
    "index": 61
  },
  {
    "name": "Require(53) node_modules/egg-sequelize/app.js",
    "start": 1595236830016,
    "end": 1595236830016,
    "duration": 0,
    "pid": 2340,
    "index": 62
  },
  {
    "name": "Require(54) node_modules/egg-valparams/app.js",
    "start": 1595236830017,
    "end": 1595236830482,
    "duration": 465,
    "pid": 2340,
    "index": 63
  },
  {
    "name": "Require(55) node_modules/egg-jwt/app.js",
    "start": 1595236830483,
    "end": 1595236830484,
    "duration": 1,
    "pid": 2340,
    "index": 64
  },
  {
    "name": "Require(56) node_modules/egg-redis/app.js",
    "start": 1595236830485,
    "end": 1595236830487,
    "duration": 2,
    "pid": 2340,
    "index": 65
  },
  {
    "name": "Before Start in node_modules/egg-watcher/lib/init.js:15:14",
    "start": 1595236830514,
    "end": 1595236831333,
    "duration": 819,
    "pid": 2340,
    "index": 66
  },
  {
    "name": "Load \"Symbol(model)\" to Application",
    "start": 1595236830831,
    "end": 1595236830923,
    "duration": 92,
    "pid": 2340,
    "index": 67
  },
  {
    "name": "Before Start in node_modules/egg-sequelize/lib/loader.js:39:7",
    "start": 1595236830935,
    "end": 1595236831359,
    "duration": 424,
    "pid": 2340,
    "index": 68
  },
  {
    "name": "Before Start in node_modules/egg-redis/lib/redis.js:53:7",
    "start": 1595236831034,
    "end": 1595236831307,
    "duration": 273,
    "pid": 2340,
    "index": 69
  },
  {
    "name": "Load Service",
    "start": 1595236831034,
    "end": 1595236831049,
    "duration": 15,
    "pid": 2340,
    "index": 70
  },
  {
    "name": "Load \"service\" to Context",
    "start": 1595236831034,
    "end": 1595236831049,
    "duration": 15,
    "pid": 2340,
    "index": 71
  },
  {
    "name": "Load Middleware",
    "start": 1595236831049,
    "end": 1595236831221,
    "duration": 172,
    "pid": 2340,
    "index": 72
  },
  {
    "name": "Load \"middlewares\" to Application",
    "start": 1595236831049,
    "end": 1595236831200,
    "duration": 151,
    "pid": 2340,
    "index": 73
  },
  {
    "name": "Load Controller",
    "start": 1595236831221,
    "end": 1595236831254,
    "duration": 33,
    "pid": 2340,
    "index": 74
  },
  {
    "name": "Load \"controller\" to Application",
    "start": 1595236831221,
    "end": 1595236831254,
    "duration": 33,
    "pid": 2340,
    "index": 75
  },
  {
    "name": "Load Router",
    "start": 1595236831254,
    "end": 1595236831260,
    "duration": 6,
    "pid": 2340,
    "index": 76
  },
  {
    "name": "Require(57) app/router.js",
    "start": 1595236831255,
    "end": 1595236831256,
    "duration": 1,
    "pid": 2340,
    "index": 77
  },
  {
    "name": "Before Start in node_modules/egg-core/lib/egg.js:303:10",
    "start": 1595236831257,
    "end": 1595236831294,
    "duration": 37,
    "pid": 2340,
    "index": 78
  }
]