[
  {
    "name": "Application Start",
    "start": 1595237251902,
    "end": 1595237253813,
    "duration": 1911,
    "pid": 18004,
    "index": 0
  },
  {
    "name": "Load Plugin",
    "start": 1595237251910,
    "end": 1595237251964,
    "duration": 54,
    "pid": 18004,
    "index": 1
  },
  {
    "name": "Load Config",
    "start": 1595237251965,
    "end": 1595237252029,
    "duration": 64,
    "pid": 18004,
    "index": 2
  },
  {
    "name": "Require(0) config/config.default.js",
    "start": 1595237251966,
    "end": 1595237251967,
    "duration": 1,
    "pid": 18004,
    "index": 3
  },
  {
    "name": "Require(1) node_modules/egg-session/config/config.default.js",
    "start": 1595237251973,
    "end": 1595237251974,
    "duration": 1,
    "pid": 18004,
    "index": 4
  },
  {
    "name": "Require(2) node_modules/egg-security/config/config.default.js",
    "start": 1595237251980,
    "end": 1595237251981,
    "duration": 1,
    "pid": 18004,
    "index": 5
  },
  {
    "name": "Require(3) node_modules/egg-jsonp/config/config.default.js",
    "start": 1595237251983,
    "end": 1595237251984,
    "duration": 1,
    "pid": 18004,
    "index": 6
  },
  {
    "name": "Require(4) node_modules/egg-onerror/config/config.default.js",
    "start": 1595237251985,
    "end": 1595237251987,
    "duration": 2,
    "pid": 18004,
    "index": 7
  },
  {
    "name": "Require(5) node_modules/egg-i18n/config/config.default.js",
    "start": 1595237251988,
    "end": 1595237251989,
    "duration": 1,
    "pid": 18004,
    "index": 8
  },
  {
    "name": "Require(6) node_modules/egg-watcher/config/config.default.js",
    "start": 1595237251991,
    "end": 1595237251991,
    "duration": 0,
    "pid": 18004,
    "index": 9
  },
  {
    "name": "Require(7) node_modules/egg-schedule/config/config.default.js",
    "start": 1595237251992,
    "end": 1595237251993,
    "duration": 1,
    "pid": 18004,
    "index": 10
  },
  {
    "name": "Require(8) node_modules/egg-multipart/config/config.default.js",
    "start": 1595237251994,
    "end": 1595237251995,
    "duration": 1,
    "pid": 18004,
    "index": 11
  },
  {
    "name": "Require(9) node_modules/egg-development/config/config.default.js",
    "start": 1595237251996,
    "end": 1595237251996,
    "duration": 0,
    "pid": 18004,
    "index": 12
  },
  {
    "name": "Require(10) node_modules/egg-logrotator/config/config.default.js",
    "start": 1595237251997,
    "end": 1595237251998,
    "duration": 1,
    "pid": 18004,
    "index": 13
  },
  {
    "name": "Require(11) node_modules/egg-static/config/config.default.js",
    "start": 1595237251999,
    "end": 1595237252000,
    "duration": 1,
    "pid": 18004,
    "index": 14
  },
  {
    "name": "Require(12) node_modules/egg-view/config/config.default.js",
    "start": 1595237252001,
    "end": 1595237252002,
    "duration": 1,
    "pid": 18004,
    "index": 15
  },
  {
    "name": "Require(13) node_modules/egg-cors/config/config.default.js",
    "start": 1595237252003,
    "end": 1595237252003,
    "duration": 0,
    "pid": 18004,
    "index": 16
  },
  {
    "name": "Require(14) node_modules/egg-sequelize/config/config.default.js",
    "start": 1595237252005,
    "end": 1595237252006,
    "duration": 1,
    "pid": 18004,
    "index": 17
  },
  {
    "name": "Require(15) node_modules/egg-valparams/config/config.default.js",
    "start": 1595237252007,
    "end": 1595237252007,
    "duration": 0,
    "pid": 18004,
    "index": 18
  },
  {
    "name": "Require(16) node_modules/egg-jwt/config/config.default.js",
    "start": 1595237252009,
    "end": 1595237252010,
    "duration": 1,
    "pid": 18004,
    "index": 19
  },
  {
    "name": "Require(17) node_modules/egg-redis/config/config.default.js",
    "start": 1595237252013,
    "end": 1595237252014,
    "duration": 1,
    "pid": 18004,
    "index": 20
  },
  {
    "name": "Require(18) node_modules/egg/config/config.default.js",
    "start": 1595237252015,
    "end": 1595237252016,
    "duration": 1,
    "pid": 18004,
    "index": 21
  },
  {
    "name": "Require(19) config/config.default.js",
    "start": 1595237252018,
    "end": 1595237252018,
    "duration": 0,
    "pid": 18004,
    "index": 22
  },
  {
    "name": "Require(20) node_modules/egg-security/config/config.local.js",
    "start": 1595237252019,
    "end": 1595237252019,
    "duration": 0,
    "pid": 18004,
    "index": 23
  },
  {
    "name": "Require(21) node_modules/egg-watcher/config/config.local.js",
    "start": 1595237252021,
    "end": 1595237252022,
    "duration": 1,
    "pid": 18004,
    "index": 24
  },
  {
    "name": "Require(22) node_modules/egg-view/config/config.local.js",
    "start": 1595237252025,
    "end": 1595237252025,
    "duration": 0,
    "pid": 18004,
    "index": 25
  },
  {
    "name": "Require(23) node_modules/egg/config/config.local.js",
    "start": 1595237252028,
    "end": 1595237252028,
    "duration": 0,
    "pid": 18004,
    "index": 26
  },
  {
    "name": "Load extend/application.js",
    "start": 1595237252030,
    "end": 1595237252141,
    "duration": 111,
    "pid": 18004,
    "index": 27
  },
  {
    "name": "Require(24) node_modules/egg-session/app/extend/application.js",
    "start": 1595237252031,
    "end": 1595237252033,
    "duration": 2,
    "pid": 18004,
    "index": 28
  },
  {
    "name": "Require(25) node_modules/egg-security/app/extend/application.js",
    "start": 1595237252034,
    "end": 1595237252038,
    "duration": 4,
    "pid": 18004,
    "index": 29
  },
  {
    "name": "Require(26) node_modules/egg-jsonp/app/extend/application.js",
    "start": 1595237252039,
    "end": 1595237252041,
    "duration": 2,
    "pid": 18004,
    "index": 30
  },
  {
    "name": "Require(27) node_modules/egg-logrotator/app/extend/application.js",
    "start": 1595237252044,
    "end": 1595237252047,
    "duration": 3,
    "pid": 18004,
    "index": 31
  },
  {
    "name": "Require(28) node_modules/egg-view/app/extend/application.js",
    "start": 1595237252048,
    "end": 1595237252050,
    "duration": 2,
    "pid": 18004,
    "index": 32
  },
  {
    "name": "Require(29) node_modules/egg-jwt/app/extend/application.js",
    "start": 1595237252053,
    "end": 1595237252128,
    "duration": 75,
    "pid": 18004,
    "index": 33
  },
  {
    "name": "Load extend/request.js",
    "start": 1595237252141,
    "end": 1595237252161,
    "duration": 20,
    "pid": 18004,
    "index": 34
  },
  {
    "name": "Require(30) node_modules/egg/app/extend/request.js",
    "start": 1595237252150,
    "end": 1595237252152,
    "duration": 2,
    "pid": 18004,
    "index": 35
  },
  {
    "name": "Load extend/response.js",
    "start": 1595237252161,
    "end": 1595237252178,
    "duration": 17,
    "pid": 18004,
    "index": 36
  },
  {
    "name": "Require(31) node_modules/egg/app/extend/response.js",
    "start": 1595237252168,
    "end": 1595237252170,
    "duration": 2,
    "pid": 18004,
    "index": 37
  },
  {
    "name": "Load extend/context.js",
    "start": 1595237252178,
    "end": 1595237252337,
    "duration": 159,
    "pid": 18004,
    "index": 38
  },
  {
    "name": "Require(32) node_modules/egg-security/app/extend/context.js",
    "start": 1595237252181,
    "end": 1595237252198,
    "duration": 17,
    "pid": 18004,
    "index": 39
  },
  {
    "name": "Require(33) node_modules/egg-jsonp/app/extend/context.js",
    "start": 1595237252200,
    "end": 1595237252205,
    "duration": 5,
    "pid": 18004,
    "index": 40
  },
  {
    "name": "Require(34) node_modules/egg-i18n/app/extend/context.js",
    "start": 1595237252207,
    "end": 1595237252208,
    "duration": 1,
    "pid": 18004,
    "index": 41
  },
  {
    "name": "Require(35) node_modules/egg-multipart/app/extend/context.js",
    "start": 1595237252210,
    "end": 1595237252286,
    "duration": 76,
    "pid": 18004,
    "index": 42
  },
  {
    "name": "Require(36) node_modules/egg-view/app/extend/context.js",
    "start": 1595237252288,
    "end": 1595237252289,
    "duration": 1,
    "pid": 18004,
    "index": 43
  },
  {
    "name": "Require(37) node_modules/egg-valparams/app/extend/context.js",
    "start": 1595237252291,
    "end": 1595237252326,
    "duration": 35,
    "pid": 18004,
    "index": 44
  },
  {
    "name": "Require(38) node_modules/egg/app/extend/context.js",
    "start": 1595237252328,
    "end": 1595237252328,
    "duration": 0,
    "pid": 18004,
    "index": 45
  },
  {
    "name": "Require(39) app/extend/context.js",
    "start": 1595237252329,
    "end": 1595237252330,
    "duration": 1,
    "pid": 18004,
    "index": 46
  },
  {
    "name": "Load extend/helper.js",
    "start": 1595237252338,
    "end": 1595237252378,
    "duration": 40,
    "pid": 18004,
    "index": 47
  },
  {
    "name": "Require(40) node_modules/egg-security/app/extend/helper.js",
    "start": 1595237252339,
    "end": 1595237252366,
    "duration": 27,
    "pid": 18004,
    "index": 48
  },
  {
    "name": "Require(41) node_modules/egg/app/extend/helper.js",
    "start": 1595237252371,
    "end": 1595237252372,
    "duration": 1,
    "pid": 18004,
    "index": 49
  },
  {
    "name": "Load app.js",
    "start": 1595237252379,
    "end": 1595237252978,
    "duration": 599,
    "pid": 18004,
    "index": 50
  },
  {
    "name": "Require(42) node_modules/egg-session/app.js",
    "start": 1595237252379,
    "end": 1595237252380,
    "duration": 1,
    "pid": 18004,
    "index": 51
  },
  {
    "name": "Require(43) node_modules/egg-security/app.js",
    "start": 1595237252381,
    "end": 1595237252386,
    "duration": 5,
    "pid": 18004,
    "index": 52
  },
  {
    "name": "Require(44) node_modules/egg-onerror/app.js",
    "start": 1595237252388,
    "end": 1595237252405,
    "duration": 17,
    "pid": 18004,
    "index": 53
  },
  {
    "name": "Require(45) node_modules/egg-i18n/app.js",
    "start": 1595237252406,
    "end": 1595237252442,
    "duration": 36,
    "pid": 18004,
    "index": 54
  },
  {
    "name": "Require(46) node_modules/egg-watcher/app.js",
    "start": 1595237252442,
    "end": 1595237252448,
    "duration": 6,
    "pid": 18004,
    "index": 55
  },
  {
    "name": "Require(47) node_modules/egg-schedule/app.js",
    "start": 1595237252448,
    "end": 1595237252451,
    "duration": 3,
    "pid": 18004,
    "index": 56
  },
  {
    "name": "Require(48) node_modules/egg-multipart/app.js",
    "start": 1595237252452,
    "end": 1595237252452,
    "duration": 0,
    "pid": 18004,
    "index": 57
  },
  {
    "name": "Require(49) node_modules/egg-development/app.js",
    "start": 1595237252453,
    "end": 1595237252453,
    "duration": 0,
    "pid": 18004,
    "index": 58
  },
  {
    "name": "Require(50) node_modules/egg-logrotator/app.js",
    "start": 1595237252455,
    "end": 1595237252455,
    "duration": 0,
    "pid": 18004,
    "index": 59
  },
  {
    "name": "Require(51) node_modules/egg-static/app.js",
    "start": 1595237252456,
    "end": 1595237252456,
    "duration": 0,
    "pid": 18004,
    "index": 60
  },
  {
    "name": "Require(52) node_modules/egg-cors/app.js",
    "start": 1595237252458,
    "end": 1595237252459,
    "duration": 1,
    "pid": 18004,
    "index": 61
  },
  {
    "name": "Require(53) node_modules/egg-sequelize/app.js",
    "start": 1595237252460,
    "end": 1595237252460,
    "duration": 0,
    "pid": 18004,
    "index": 62
  },
  {
    "name": "Require(54) node_modules/egg-valparams/app.js",
    "start": 1595237252463,
    "end": 1595237252971,
    "duration": 508,
    "pid": 18004,
    "index": 63
  },
  {
    "name": "Require(55) node_modules/egg-jwt/app.js",
    "start": 1595237252972,
    "end": 1595237252973,
    "duration": 1,
    "pid": 18004,
    "index": 64
  },
  {
    "name": "Require(56) node_modules/egg-redis/app.js",
    "start": 1595237252973,
    "end": 1595237252976,
    "duration": 3,
    "pid": 18004,
    "index": 65
  },
  {
    "name": "Before Start in node_modules/egg-watcher/lib/init.js:15:14",
    "start": 1595237252993,
    "end": 1595237253769,
    "duration": 776,
    "pid": 18004,
    "index": 66
  },
  {
    "name": "Load \"Symbol(model)\" to Application",
    "start": 1595237253268,
    "end": 1595237253310,
    "duration": 42,
    "pid": 18004,
    "index": 67
  },
  {
    "name": "Before Start in node_modules/egg-sequelize/lib/loader.js:39:7",
    "start": 1595237253339,
    "end": 1595237253812,
    "duration": 473,
    "pid": 18004,
    "index": 68
  },
  {
    "name": "Before Start in node_modules/egg-redis/lib/redis.js:53:7",
    "start": 1595237253445,
    "end": 1595237253745,
    "duration": 300,
    "pid": 18004,
    "index": 69
  },
  {
    "name": "Load Service",
    "start": 1595237253446,
    "end": 1595237253463,
    "duration": 17,
    "pid": 18004,
    "index": 70
  },
  {
    "name": "Load \"service\" to Context",
    "start": 1595237253446,
    "end": 1595237253463,
    "duration": 17,
    "pid": 18004,
    "index": 71
  },
  {
    "name": "Load Middleware",
    "start": 1595237253463,
    "end": 1595237253657,
    "duration": 194,
    "pid": 18004,
    "index": 72
  },
  {
    "name": "Load \"middlewares\" to Application",
    "start": 1595237253463,
    "end": 1595237253637,
    "duration": 174,
    "pid": 18004,
    "index": 73
  },
  {
    "name": "Load Controller",
    "start": 1595237253657,
    "end": 1595237253683,
    "duration": 26,
    "pid": 18004,
    "index": 74
  },
  {
    "name": "Load \"controller\" to Application",
    "start": 1595237253657,
    "end": 1595237253683,
    "duration": 26,
    "pid": 18004,
    "index": 75
  },
  {
    "name": "Load Router",
    "start": 1595237253683,
    "end": 1595237253688,
    "duration": 5,
    "pid": 18004,
    "index": 76
  },
  {
    "name": "Require(57) app/router.js",
    "start": 1595237253684,
    "end": 1595237253685,
    "duration": 1,
    "pid": 18004,
    "index": 77
  },
  {
    "name": "Before Start in node_modules/egg-core/lib/egg.js:303:10",
    "start": 1595237253686,
    "end": 1595237253729,
    "duration": 43,
    "pid": 18004,
    "index": 78
  }
]