[
  {
    "name": "Application Start",
    "start": 1595237283328,
    "end": 1595237285169,
    "duration": 1841,
    "pid": 20516,
    "index": 0
  },
  {
    "name": "Load Plugin",
    "start": 1595237283341,
    "end": 1595237283412,
    "duration": 71,
    "pid": 20516,
    "index": 1
  },
  {
    "name": "Load Config",
    "start": 1595237283413,
    "end": 1595237283485,
    "duration": 72,
    "pid": 20516,
    "index": 2
  },
  {
    "name": "Require(0) config/config.default.js",
    "start": 1595237283416,
    "end": 1595237283418,
    "duration": 2,
    "pid": 20516,
    "index": 3
  },
  {
    "name": "Require(1) node_modules/egg-session/config/config.default.js",
    "start": 1595237283425,
    "end": 1595237283426,
    "duration": 1,
    "pid": 20516,
    "index": 4
  },
  {
    "name": "Require(2) node_modules/egg-security/config/config.default.js",
    "start": 1595237283427,
    "end": 1595237283428,
    "duration": 1,
    "pid": 20516,
    "index": 5
  },
  {
    "name": "Require(3) node_modules/egg-jsonp/config/config.default.js",
    "start": 1595237283430,
    "end": 1595237283435,
    "duration": 5,
    "pid": 20516,
    "index": 6
  },
  {
    "name": "Require(4) node_modules/egg-onerror/config/config.default.js",
    "start": 1595237283437,
    "end": 1595237283438,
    "duration": 1,
    "pid": 20516,
    "index": 7
  },
  {
    "name": "Require(5) node_modules/egg-i18n/config/config.default.js",
    "start": 1595237283440,
    "end": 1595237283441,
    "duration": 1,
    "pid": 20516,
    "index": 8
  },
  {
    "name": "Require(6) node_modules/egg-watcher/config/config.default.js",
    "start": 1595237283442,
    "end": 1595237283443,
    "duration": 1,
    "pid": 20516,
    "index": 9
  },
  {
    "name": "Require(7) node_modules/egg-schedule/config/config.default.js",
    "start": 1595237283445,
    "end": 1595237283445,
    "duration": 0,
    "pid": 20516,
    "index": 10
  },
  {
    "name": "Require(8) node_modules/egg-multipart/config/config.default.js",
    "start": 1595237283447,
    "end": 1595237283448,
    "duration": 1,
    "pid": 20516,
    "index": 11
  },
  {
    "name": "Require(9) node_modules/egg-development/config/config.default.js",
    "start": 1595237283449,
    "end": 1595237283451,
    "duration": 2,
    "pid": 20516,
    "index": 12
  },
  {
    "name": "Require(10) node_modules/egg-logrotator/config/config.default.js",
    "start": 1595237283452,
    "end": 1595237283453,
    "duration": 1,
    "pid": 20516,
    "index": 13
  },
  {
    "name": "Require(11) node_modules/egg-static/config/config.default.js",
    "start": 1595237283454,
    "end": 1595237283455,
    "duration": 1,
    "pid": 20516,
    "index": 14
  },
  {
    "name": "Require(12) node_modules/egg-view/config/config.default.js",
    "start": 1595237283457,
    "end": 1595237283458,
    "duration": 1,
    "pid": 20516,
    "index": 15
  },
  {
    "name": "Require(13) node_modules/egg-cors/config/config.default.js",
    "start": 1595237283460,
    "end": 1595237283462,
    "duration": 2,
    "pid": 20516,
    "index": 16
  },
  {
    "name": "Require(14) node_modules/egg-sequelize/config/config.default.js",
    "start": 1595237283463,
    "end": 1595237283464,
    "duration": 1,
    "pid": 20516,
    "index": 17
  },
  {
    "name": "Require(15) node_modules/egg-valparams/config/config.default.js",
    "start": 1595237283465,
    "end": 1595237283466,
    "duration": 1,
    "pid": 20516,
    "index": 18
  },
  {
    "name": "Require(16) node_modules/egg-jwt/config/config.default.js",
    "start": 1595237283467,
    "end": 1595237283468,
    "duration": 1,
    "pid": 20516,
    "index": 19
  },
  {
    "name": "Require(17) node_modules/egg-redis/config/config.default.js",
    "start": 1595237283468,
    "end": 1595237283469,
    "duration": 1,
    "pid": 20516,
    "index": 20
  },
  {
    "name": "Require(18) node_modules/egg/config/config.default.js",
    "start": 1595237283470,
    "end": 1595237283470,
    "duration": 0,
    "pid": 20516,
    "index": 21
  },
  {
    "name": "Require(19) config/config.default.js",
    "start": 1595237283472,
    "end": 1595237283472,
    "duration": 0,
    "pid": 20516,
    "index": 22
  },
  {
    "name": "Require(20) node_modules/egg-security/config/config.local.js",
    "start": 1595237283474,
    "end": 1595237283474,
    "duration": 0,
    "pid": 20516,
    "index": 23
  },
  {
    "name": "Require(21) node_modules/egg-watcher/config/config.local.js",
    "start": 1595237283476,
    "end": 1595237283476,
    "duration": 0,
    "pid": 20516,
    "index": 24
  },
  {
    "name": "Require(22) node_modules/egg-view/config/config.local.js",
    "start": 1595237283479,
    "end": 1595237283480,
    "duration": 1,
    "pid": 20516,
    "index": 25
  },
  {
    "name": "Require(23) node_modules/egg/config/config.local.js",
    "start": 1595237283483,
    "end": 1595237283485,
    "duration": 2,
    "pid": 20516,
    "index": 26
  },
  {
    "name": "Load extend/application.js",
    "start": 1595237283489,
    "end": 1595237283604,
    "duration": 115,
    "pid": 20516,
    "index": 27
  },
  {
    "name": "Require(24) node_modules/egg-session/app/extend/application.js",
    "start": 1595237283490,
    "end": 1595237283491,
    "duration": 1,
    "pid": 20516,
    "index": 28
  },
  {
    "name": "Require(25) node_modules/egg-security/app/extend/application.js",
    "start": 1595237283493,
    "end": 1595237283496,
    "duration": 3,
    "pid": 20516,
    "index": 29
  },
  {
    "name": "Require(26) node_modules/egg-jsonp/app/extend/application.js",
    "start": 1595237283497,
    "end": 1595237283500,
    "duration": 3,
    "pid": 20516,
    "index": 30
  },
  {
    "name": "Require(27) node_modules/egg-logrotator/app/extend/application.js",
    "start": 1595237283504,
    "end": 1595237283508,
    "duration": 4,
    "pid": 20516,
    "index": 31
  },
  {
    "name": "Require(28) node_modules/egg-view/app/extend/application.js",
    "start": 1595237283511,
    "end": 1595237283514,
    "duration": 3,
    "pid": 20516,
    "index": 32
  },
  {
    "name": "Require(29) node_modules/egg-jwt/app/extend/application.js",
    "start": 1595237283516,
    "end": 1595237283593,
    "duration": 77,
    "pid": 20516,
    "index": 33
  },
  {
    "name": "Load extend/request.js",
    "start": 1595237283604,
    "end": 1595237283625,
    "duration": 21,
    "pid": 20516,
    "index": 34
  },
  {
    "name": "Require(30) node_modules/egg/app/extend/request.js",
    "start": 1595237283614,
    "end": 1595237283615,
    "duration": 1,
    "pid": 20516,
    "index": 35
  },
  {
    "name": "Load extend/response.js",
    "start": 1595237283625,
    "end": 1595237283645,
    "duration": 20,
    "pid": 20516,
    "index": 36
  },
  {
    "name": "Require(31) node_modules/egg/app/extend/response.js",
    "start": 1595237283636,
    "end": 1595237283638,
    "duration": 2,
    "pid": 20516,
    "index": 37
  },
  {
    "name": "Load extend/context.js",
    "start": 1595237283645,
    "end": 1595237283808,
    "duration": 163,
    "pid": 20516,
    "index": 38
  },
  {
    "name": "Require(32) node_modules/egg-security/app/extend/context.js",
    "start": 1595237283646,
    "end": 1595237283668,
    "duration": 22,
    "pid": 20516,
    "index": 39
  },
  {
    "name": "Require(33) node_modules/egg-jsonp/app/extend/context.js",
    "start": 1595237283669,
    "end": 1595237283672,
    "duration": 3,
    "pid": 20516,
    "index": 40
  },
  {
    "name": "Require(34) node_modules/egg-i18n/app/extend/context.js",
    "start": 1595237283673,
    "end": 1595237283674,
    "duration": 1,
    "pid": 20516,
    "index": 41
  },
  {
    "name": "Require(35) node_modules/egg-multipart/app/extend/context.js",
    "start": 1595237283676,
    "end": 1595237283756,
    "duration": 80,
    "pid": 20516,
    "index": 42
  },
  {
    "name": "Require(36) node_modules/egg-view/app/extend/context.js",
    "start": 1595237283757,
    "end": 1595237283759,
    "duration": 2,
    "pid": 20516,
    "index": 43
  },
  {
    "name": "Require(37) node_modules/egg-valparams/app/extend/context.js",
    "start": 1595237283760,
    "end": 1595237283793,
    "duration": 33,
    "pid": 20516,
    "index": 44
  },
  {
    "name": "Require(38) node_modules/egg/app/extend/context.js",
    "start": 1595237283795,
    "end": 1595237283796,
    "duration": 1,
    "pid": 20516,
    "index": 45
  },
  {
    "name": "Require(39) app/extend/context.js",
    "start": 1595237283798,
    "end": 1595237283800,
    "duration": 2,
    "pid": 20516,
    "index": 46
  },
  {
    "name": "Load extend/helper.js",
    "start": 1595237283808,
    "end": 1595237283858,
    "duration": 50,
    "pid": 20516,
    "index": 47
  },
  {
    "name": "Require(40) node_modules/egg-security/app/extend/helper.js",
    "start": 1595237283809,
    "end": 1595237283840,
    "duration": 31,
    "pid": 20516,
    "index": 48
  },
  {
    "name": "Require(41) node_modules/egg/app/extend/helper.js",
    "start": 1595237283848,
    "end": 1595237283849,
    "duration": 1,
    "pid": 20516,
    "index": 49
  },
  {
    "name": "Load app.js",
    "start": 1595237283858,
    "end": 1595237284429,
    "duration": 571,
    "pid": 20516,
    "index": 50
  },
  {
    "name": "Require(42) node_modules/egg-session/app.js",
    "start": 1595237283859,
    "end": 1595237283859,
    "duration": 0,
    "pid": 20516,
    "index": 51
  },
  {
    "name": "Require(43) node_modules/egg-security/app.js",
    "start": 1595237283860,
    "end": 1595237283862,
    "duration": 2,
    "pid": 20516,
    "index": 52
  },
  {
    "name": "Require(44) node_modules/egg-onerror/app.js",
    "start": 1595237283864,
    "end": 1595237283882,
    "duration": 18,
    "pid": 20516,
    "index": 53
  },
  {
    "name": "Require(45) node_modules/egg-i18n/app.js",
    "start": 1595237283883,
    "end": 1595237283923,
    "duration": 40,
    "pid": 20516,
    "index": 54
  },
  {
    "name": "Require(46) node_modules/egg-watcher/app.js",
    "start": 1595237283924,
    "end": 1595237283931,
    "duration": 7,
    "pid": 20516,
    "index": 55
  },
  {
    "name": "Require(47) node_modules/egg-schedule/app.js",
    "start": 1595237283932,
    "end": 1595237283935,
    "duration": 3,
    "pid": 20516,
    "index": 56
  },
  {
    "name": "Require(48) node_modules/egg-multipart/app.js",
    "start": 1595237283936,
    "end": 1595237283937,
    "duration": 1,
    "pid": 20516,
    "index": 57
  },
  {
    "name": "Require(49) node_modules/egg-development/app.js",
    "start": 1595237283938,
    "end": 1595237283938,
    "duration": 0,
    "pid": 20516,
    "index": 58
  },
  {
    "name": "Require(50) node_modules/egg-logrotator/app.js",
    "start": 1595237283940,
    "end": 1595237283941,
    "duration": 1,
    "pid": 20516,
    "index": 59
  },
  {
    "name": "Require(51) node_modules/egg-static/app.js",
    "start": 1595237283942,
    "end": 1595237283943,
    "duration": 1,
    "pid": 20516,
    "index": 60
  },
  {
    "name": "Require(52) node_modules/egg-cors/app.js",
    "start": 1595237283945,
    "end": 1595237283945,
    "duration": 0,
    "pid": 20516,
    "index": 61
  },
  {
    "name": "Require(53) node_modules/egg-sequelize/app.js",
    "start": 1595237283946,
    "end": 1595237283947,
    "duration": 1,
    "pid": 20516,
    "index": 62
  },
  {
    "name": "Require(54) node_modules/egg-valparams/app.js",
    "start": 1595237283947,
    "end": 1595237284422,
    "duration": 475,
    "pid": 20516,
    "index": 63
  },
  {
    "name": "Require(55) node_modules/egg-jwt/app.js",
    "start": 1595237284423,
    "end": 1595237284423,
    "duration": 0,
    "pid": 20516,
    "index": 64
  },
  {
    "name": "Require(56) node_modules/egg-redis/app.js",
    "start": 1595237284424,
    "end": 1595237284427,
    "duration": 3,
    "pid": 20516,
    "index": 65
  },
  {
    "name": "Before Start in node_modules/egg-watcher/lib/init.js:15:14",
    "start": 1595237284457,
    "end": 1595237285144,
    "duration": 687,
    "pid": 20516,
    "index": 66
  },
  {
    "name": "Load \"Symbol(model)\" to Application",
    "start": 1595237284716,
    "end": 1595237284758,
    "duration": 42,
    "pid": 20516,
    "index": 67
  },
  {
    "name": "Before Start in node_modules/egg-sequelize/lib/loader.js:39:7",
    "start": 1595237284767,
    "end": 1595237285169,
    "duration": 402,
    "pid": 20516,
    "index": 68
  },
  {
    "name": "Before Start in node_modules/egg-redis/lib/redis.js:53:7",
    "start": 1595237284861,
    "end": 1595237285111,
    "duration": 250,
    "pid": 20516,
    "index": 69
  },
  {
    "name": "Load Service",
    "start": 1595237284861,
    "end": 1595237284875,
    "duration": 14,
    "pid": 20516,
    "index": 70
  },
  {
    "name": "Load \"service\" to Context",
    "start": 1595237284861,
    "end": 1595237284875,
    "duration": 14,
    "pid": 20516,
    "index": 71
  },
  {
    "name": "Load Middleware",
    "start": 1595237284875,
    "end": 1595237285032,
    "duration": 157,
    "pid": 20516,
    "index": 72
  },
  {
    "name": "Load \"middlewares\" to Application",
    "start": 1595237284875,
    "end": 1595237285011,
    "duration": 136,
    "pid": 20516,
    "index": 73
  },
  {
    "name": "Load Controller",
    "start": 1595237285032,
    "end": 1595237285061,
    "duration": 29,
    "pid": 20516,
    "index": 74
  },
  {
    "name": "Load \"controller\" to Application",
    "start": 1595237285032,
    "end": 1595237285061,
    "duration": 29,
    "pid": 20516,
    "index": 75
  },
  {
    "name": "Load Router",
    "start": 1595237285061,
    "end": 1595237285064,
    "duration": 3,
    "pid": 20516,
    "index": 76
  },
  {
    "name": "Require(57) app/router.js",
    "start": 1595237285062,
    "end": 1595237285062,
    "duration": 0,
    "pid": 20516,
    "index": 77
  },
  {
    "name": "Before Start in node_modules/egg-core/lib/egg.js:303:10",
    "start": 1595237285062,
    "end": 1595237285096,
    "duration": 34,
    "pid": 20516,
    "index": 78
  }
]