[
  {
    "name": "Application Start",
    "start": 1595236844544,
    "end": 1595236846233,
    "duration": 1689,
    "pid": 12232,
    "index": 0
  },
  {
    "name": "Load Plugin",
    "start": 1595236844554,
    "end": 1595236844596,
    "duration": 42,
    "pid": 12232,
    "index": 1
  },
  {
    "name": "Load Config",
    "start": 1595236844596,
    "end": 1595236844653,
    "duration": 57,
    "pid": 12232,
    "index": 2
  },
  {
    "name": "Require(0) config/config.default.js",
    "start": 1595236844597,
    "end": 1595236844598,
    "duration": 1,
    "pid": 12232,
    "index": 3
  },
  {
    "name": "Require(1) node_modules/egg-session/config/config.default.js",
    "start": 1595236844601,
    "end": 1595236844602,
    "duration": 1,
    "pid": 12232,
    "index": 4
  },
  {
    "name": "Require(2) node_modules/egg-security/config/config.default.js",
    "start": 1595236844606,
    "end": 1595236844607,
    "duration": 1,
    "pid": 12232,
    "index": 5
  },
  {
    "name": "Require(3) node_modules/egg-jsonp/config/config.default.js",
    "start": 1595236844609,
    "end": 1595236844610,
    "duration": 1,
    "pid": 12232,
    "index": 6
  },
  {
    "name": "Require(4) node_modules/egg-onerror/config/config.default.js",
    "start": 1595236844611,
    "end": 1595236844612,
    "duration": 1,
    "pid": 12232,
    "index": 7
  },
  {
    "name": "Require(5) node_modules/egg-i18n/config/config.default.js",
    "start": 1595236844613,
    "end": 1595236844614,
    "duration": 1,
    "pid": 12232,
    "index": 8
  },
  {
    "name": "Require(6) node_modules/egg-watcher/config/config.default.js",
    "start": 1595236844615,
    "end": 1595236844616,
    "duration": 1,
    "pid": 12232,
    "index": 9
  },
  {
    "name": "Require(7) node_modules/egg-schedule/config/config.default.js",
    "start": 1595236844617,
    "end": 1595236844618,
    "duration": 1,
    "pid": 12232,
    "index": 10
  },
  {
    "name": "Require(8) node_modules/egg-multipart/config/config.default.js",
    "start": 1595236844619,
    "end": 1595236844620,
    "duration": 1,
    "pid": 12232,
    "index": 11
  },
  {
    "name": "Require(9) node_modules/egg-development/config/config.default.js",
    "start": 1595236844621,
    "end": 1595236844622,
    "duration": 1,
    "pid": 12232,
    "index": 12
  },
  {
    "name": "Require(10) node_modules/egg-logrotator/config/config.default.js",
    "start": 1595236844623,
    "end": 1595236844624,
    "duration": 1,
    "pid": 12232,
    "index": 13
  },
  {
    "name": "Require(11) node_modules/egg-static/config/config.default.js",
    "start": 1595236844625,
    "end": 1595236844626,
    "duration": 1,
    "pid": 12232,
    "index": 14
  },
  {
    "name": "Require(12) node_modules/egg-view/config/config.default.js",
    "start": 1595236844627,
    "end": 1595236844628,
    "duration": 1,
    "pid": 12232,
    "index": 15
  },
  {
    "name": "Require(13) node_modules/egg-cors/config/config.default.js",
    "start": 1595236844629,
    "end": 1595236844629,
    "duration": 0,
    "pid": 12232,
    "index": 16
  },
  {
    "name": "Require(14) node_modules/egg-sequelize/config/config.default.js",
    "start": 1595236844630,
    "end": 1595236844631,
    "duration": 1,
    "pid": 12232,
    "index": 17
  },
  {
    "name": "Require(15) node_modules/egg-valparams/config/config.default.js",
    "start": 1595236844632,
    "end": 1595236844633,
    "duration": 1,
    "pid": 12232,
    "index": 18
  },
  {
    "name": "Require(16) node_modules/egg-jwt/config/config.default.js",
    "start": 1595236844634,
    "end": 1595236844635,
    "duration": 1,
    "pid": 12232,
    "index": 19
  },
  {
    "name": "Require(17) node_modules/egg-redis/config/config.default.js",
    "start": 1595236844636,
    "end": 1595236844637,
    "duration": 1,
    "pid": 12232,
    "index": 20
  },
  {
    "name": "Require(18) node_modules/egg/config/config.default.js",
    "start": 1595236844638,
    "end": 1595236844638,
    "duration": 0,
    "pid": 12232,
    "index": 21
  },
  {
    "name": "Require(19) config/config.default.js",
    "start": 1595236844640,
    "end": 1595236844640,
    "duration": 0,
    "pid": 12232,
    "index": 22
  },
  {
    "name": "Require(20) node_modules/egg-security/config/config.local.js",
    "start": 1595236844642,
    "end": 1595236844643,
    "duration": 1,
    "pid": 12232,
    "index": 23
  },
  {
    "name": "Require(21) node_modules/egg-watcher/config/config.local.js",
    "start": 1595236844645,
    "end": 1595236844645,
    "duration": 0,
    "pid": 12232,
    "index": 24
  },
  {
    "name": "Require(22) node_modules/egg-view/config/config.local.js",
    "start": 1595236844648,
    "end": 1595236844649,
    "duration": 1,
    "pid": 12232,
    "index": 25
  },
  {
    "name": "Require(23) node_modules/egg/config/config.local.js",
    "start": 1595236844652,
    "end": 1595236844652,
    "duration": 0,
    "pid": 12232,
    "index": 26
  },
  {
    "name": "Load extend/application.js",
    "start": 1595236844654,
    "end": 1595236844737,
    "duration": 83,
    "pid": 12232,
    "index": 27
  },
  {
    "name": "Require(24) node_modules/egg-session/app/extend/application.js",
    "start": 1595236844655,
    "end": 1595236844656,
    "duration": 1,
    "pid": 12232,
    "index": 28
  },
  {
    "name": "Require(25) node_modules/egg-security/app/extend/application.js",
    "start": 1595236844657,
    "end": 1595236844659,
    "duration": 2,
    "pid": 12232,
    "index": 29
  },
  {
    "name": "Require(26) node_modules/egg-jsonp/app/extend/application.js",
    "start": 1595236844660,
    "end": 1595236844662,
    "duration": 2,
    "pid": 12232,
    "index": 30
  },
  {
    "name": "Require(27) node_modules/egg-logrotator/app/extend/application.js",
    "start": 1595236844665,
    "end": 1595236844668,
    "duration": 3,
    "pid": 12232,
    "index": 31
  },
  {
    "name": "Require(28) node_modules/egg-view/app/extend/application.js",
    "start": 1595236844669,
    "end": 1595236844672,
    "duration": 3,
    "pid": 12232,
    "index": 32
  },
  {
    "name": "Require(29) node_modules/egg-jwt/app/extend/application.js",
    "start": 1595236844674,
    "end": 1595236844729,
    "duration": 55,
    "pid": 12232,
    "index": 33
  },
  {
    "name": "Load extend/request.js",
    "start": 1595236844737,
    "end": 1595236844751,
    "duration": 14,
    "pid": 12232,
    "index": 34
  },
  {
    "name": "Require(30) node_modules/egg/app/extend/request.js",
    "start": 1595236844744,
    "end": 1595236844745,
    "duration": 1,
    "pid": 12232,
    "index": 35
  },
  {
    "name": "Load extend/response.js",
    "start": 1595236844752,
    "end": 1595236844767,
    "duration": 15,
    "pid": 12232,
    "index": 36
  },
  {
    "name": "Require(31) node_modules/egg/app/extend/response.js",
    "start": 1595236844758,
    "end": 1595236844760,
    "duration": 2,
    "pid": 12232,
    "index": 37
  },
  {
    "name": "Load extend/context.js",
    "start": 1595236844767,
    "end": 1595236844914,
    "duration": 147,
    "pid": 12232,
    "index": 38
  },
  {
    "name": "Require(32) node_modules/egg-security/app/extend/context.js",
    "start": 1595236844768,
    "end": 1595236844785,
    "duration": 17,
    "pid": 12232,
    "index": 39
  },
  {
    "name": "Require(33) node_modules/egg-jsonp/app/extend/context.js",
    "start": 1595236844786,
    "end": 1595236844788,
    "duration": 2,
    "pid": 12232,
    "index": 40
  },
  {
    "name": "Require(34) node_modules/egg-i18n/app/extend/context.js",
    "start": 1595236844789,
    "end": 1595236844789,
    "duration": 0,
    "pid": 12232,
    "index": 41
  },
  {
    "name": "Require(35) node_modules/egg-multipart/app/extend/context.js",
    "start": 1595236844791,
    "end": 1595236844868,
    "duration": 77,
    "pid": 12232,
    "index": 42
  },
  {
    "name": "Require(36) node_modules/egg-view/app/extend/context.js",
    "start": 1595236844870,
    "end": 1595236844872,
    "duration": 2,
    "pid": 12232,
    "index": 43
  },
  {
    "name": "Require(37) node_modules/egg-valparams/app/extend/context.js",
    "start": 1595236844873,
    "end": 1595236844901,
    "duration": 28,
    "pid": 12232,
    "index": 44
  },
  {
    "name": "Require(38) node_modules/egg/app/extend/context.js",
    "start": 1595236844903,
    "end": 1595236844904,
    "duration": 1,
    "pid": 12232,
    "index": 45
  },
  {
    "name": "Require(39) app/extend/context.js",
    "start": 1595236844905,
    "end": 1595236844906,
    "duration": 1,
    "pid": 12232,
    "index": 46
  },
  {
    "name": "Load extend/helper.js",
    "start": 1595236844914,
    "end": 1595236844964,
    "duration": 50,
    "pid": 12232,
    "index": 47
  },
  {
    "name": "Require(40) node_modules/egg-security/app/extend/helper.js",
    "start": 1595236844915,
    "end": 1595236844946,
    "duration": 31,
    "pid": 12232,
    "index": 48
  },
  {
    "name": "Require(41) node_modules/egg/app/extend/helper.js",
    "start": 1595236844955,
    "end": 1595236844956,
    "duration": 1,
    "pid": 12232,
    "index": 49
  },
  {
    "name": "Load app.js",
    "start": 1595236844965,
    "end": 1595236845466,
    "duration": 501,
    "pid": 12232,
    "index": 50
  },
  {
    "name": "Require(42) node_modules/egg-session/app.js",
    "start": 1595236844965,
    "end": 1595236844966,
    "duration": 1,
    "pid": 12232,
    "index": 51
  },
  {
    "name": "Require(43) node_modules/egg-security/app.js",
    "start": 1595236844966,
    "end": 1595236844969,
    "duration": 3,
    "pid": 12232,
    "index": 52
  },
  {
    "name": "Require(44) node_modules/egg-onerror/app.js",
    "start": 1595236844970,
    "end": 1595236844984,
    "duration": 14,
    "pid": 12232,
    "index": 53
  },
  {
    "name": "Require(45) node_modules/egg-i18n/app.js",
    "start": 1595236844985,
    "end": 1595236845030,
    "duration": 45,
    "pid": 12232,
    "index": 54
  },
  {
    "name": "Require(46) node_modules/egg-watcher/app.js",
    "start": 1595236845031,
    "end": 1595236845041,
    "duration": 10,
    "pid": 12232,
    "index": 55
  },
  {
    "name": "Require(47) node_modules/egg-schedule/app.js",
    "start": 1595236845042,
    "end": 1595236845044,
    "duration": 2,
    "pid": 12232,
    "index": 56
  },
  {
    "name": "Require(48) node_modules/egg-multipart/app.js",
    "start": 1595236845045,
    "end": 1595236845046,
    "duration": 1,
    "pid": 12232,
    "index": 57
  },
  {
    "name": "Require(49) node_modules/egg-development/app.js",
    "start": 1595236845047,
    "end": 1595236845047,
    "duration": 0,
    "pid": 12232,
    "index": 58
  },
  {
    "name": "Require(50) node_modules/egg-logrotator/app.js",
    "start": 1595236845048,
    "end": 1595236845048,
    "duration": 0,
    "pid": 12232,
    "index": 59
  },
  {
    "name": "Require(51) node_modules/egg-static/app.js",
    "start": 1595236845049,
    "end": 1595236845049,
    "duration": 0,
    "pid": 12232,
    "index": 60
  },
  {
    "name": "Require(52) node_modules/egg-cors/app.js",
    "start": 1595236845051,
    "end": 1595236845051,
    "duration": 0,
    "pid": 12232,
    "index": 61
  },
  {
    "name": "Require(53) node_modules/egg-sequelize/app.js",
    "start": 1595236845052,
    "end": 1595236845052,
    "duration": 0,
    "pid": 12232,
    "index": 62
  },
  {
    "name": "Require(54) node_modules/egg-valparams/app.js",
    "start": 1595236845053,
    "end": 1595236845460,
    "duration": 407,
    "pid": 12232,
    "index": 63
  },
  {
    "name": "Require(55) node_modules/egg-jwt/app.js",
    "start": 1595236845461,
    "end": 1595236845462,
    "duration": 1,
    "pid": 12232,
    "index": 64
  },
  {
    "name": "Require(56) node_modules/egg-redis/app.js",
    "start": 1595236845462,
    "end": 1595236845465,
    "duration": 3,
    "pid": 12232,
    "index": 65
  },
  {
    "name": "Before Start in node_modules/egg-watcher/lib/init.js:15:14",
    "start": 1595236845487,
    "end": 1595236846124,
    "duration": 637,
    "pid": 12232,
    "index": 66
  },
  {
    "name": "Load \"Symbol(model)\" to Application",
    "start": 1595236845714,
    "end": 1595236845744,
    "duration": 30,
    "pid": 12232,
    "index": 67
  },
  {
    "name": "Before Start in node_modules/egg-sequelize/lib/loader.js:39:7",
    "start": 1595236845751,
    "end": 1595236846232,
    "duration": 481,
    "pid": 12232,
    "index": 68
  },
  {
    "name": "Before Start in node_modules/egg-redis/lib/redis.js:53:7",
    "start": 1595236845836,
    "end": 1595236846094,
    "duration": 258,
    "pid": 12232,
    "index": 69
  },
  {
    "name": "Load Service",
    "start": 1595236845836,
    "end": 1595236845851,
    "duration": 15,
    "pid": 12232,
    "index": 70
  },
  {
    "name": "Load \"service\" to Context",
    "start": 1595236845836,
    "end": 1595236845851,
    "duration": 15,
    "pid": 12232,
    "index": 71
  },
  {
    "name": "Load Middleware",
    "start": 1595236845852,
    "end": 1595236846018,
    "duration": 166,
    "pid": 12232,
    "index": 72
  },
  {
    "name": "Load \"middlewares\" to Application",
    "start": 1595236845852,
    "end": 1595236845993,
    "duration": 141,
    "pid": 12232,
    "index": 73
  },
  {
    "name": "Load Controller",
    "start": 1595236846018,
    "end": 1595236846040,
    "duration": 22,
    "pid": 12232,
    "index": 74
  },
  {
    "name": "Load \"controller\" to Application",
    "start": 1595236846019,
    "end": 1595236846040,
    "duration": 21,
    "pid": 12232,
    "index": 75
  },
  {
    "name": "Load Router",
    "start": 1595236846040,
    "end": 1595236846043,
    "duration": 3,
    "pid": 12232,
    "index": 76
  },
  {
    "name": "Require(57) app/router.js",
    "start": 1595236846040,
    "end": 1595236846041,
    "duration": 1,
    "pid": 12232,
    "index": 77
  },
  {
    "name": "Before Start in node_modules/egg-core/lib/egg.js:303:10",
    "start": 1595236846041,
    "end": 1595236846077,
    "duration": 36,
    "pid": 12232,
    "index": 78
  }
]