{
  "keys": "G:\\备份\\仿哔哩哔哩\\后端部分\\egg-video\\config\\config.default.js",
  "middleware": "G:\\备份\\仿哔哩哔哩\\后端部分\\egg-video\\config\\config.default.js",
  "auth": {
    "match": "G:\\备份\\仿哔哩哔哩\\后端部分\\egg-video\\config\\config.default.js"
  },
  "security": {
    "csrf": {
      "enable": "G:\\备份\\仿哔哩哔哩\\后端部分\\egg-video\\config\\config.default.js",
      "type": "G:\\备份\\仿哔哩哔哩\\后端部分\\egg-video\\node_modules\\egg-security\\config\\config.default.js",
      "ignoreJSON": "G:\\备份\\仿哔哩哔哩\\后端部分\\egg-video\\node_modules\\egg-security\\config\\config.default.js",
      "useSession": "G:\\备份\\仿哔哩哔哩\\后端部分\\egg-video\\node_modules\\egg-security\\config\\config.default.js",
      "cookieName": "G:\\备份\\仿哔哩哔哩\\后端部分\\egg-video\\node_modules\\egg-security\\config\\config.default.js",
      "sessionName": "G:\\备份\\仿哔哩哔哩\\后端部分\\egg-video\\node_modules\\egg-security\\config\\config.default.js",
      "headerName": "G:\\备份\\仿哔哩哔哩\\后端部分\\egg-video\\node_modules\\egg-security\\config\\config.default.js",
      "bodyName": "G:\\备份\\仿哔哩哔哩\\后端部分\\egg-video\\node_modules\\egg-security\\config\\config.default.js",
      "queryName": "G:\\备份\\仿哔哩哔哩\\后端部分\\egg-video\\node_modules\\egg-security\\config\\config.default.js",
      "refererWhiteList": "G:\\备份\\仿哔哩哔哩\\后端部分\\egg-video\\node_modules\\egg-security\\config\\config.default.js"
    },
    "domainWhiteList": "G:\\备份\\仿哔哩哔哩\\后端部分\\egg-video\\node_modules\\egg-security\\config\\config.default.js",
    "protocolWhiteList": "G:\\备份\\仿哔哩哔哩\\后端部分\\egg-video\\node_modules\\egg-security\\config\\config.default.js",
    "defaultMiddleware": "G:\\备份\\仿哔哩哔哩\\后端部分\\egg-video\\node_modules\\egg-security\\config\\config.default.js",
    "xframe": {
      "enable": "G:\\备份\\仿哔哩哔哩\\后端部分\\egg-video\\node_modules\\egg-security\\config\\config.default.js",
      "value": "G:\\备份\\仿哔哩哔哩\\后端部分\\egg-video\\node_modules\\egg-security\\config\\config.default.js"
    },
    "hsts": {
      "enable": "G:\\备份\\仿哔哩哔哩\\后端部分\\egg-video\\node_modules\\egg-security\\config\\config.local.js",
      "maxAge": "G:\\备份\\仿哔哩哔哩\\后端部分\\egg-video\\node_modules\\egg-security\\config\\config.default.js",
      "includeSubdomains": "G:\\备份\\仿哔哩哔哩\\后端部分\\egg-video\\node_modules\\egg-security\\config\\config.default.js"
    },
    "dta": {
      "enable": "G:\\备份\\仿哔哩哔哩\\后端部分\\egg-video\\node_modules\\egg-security\\config\\config.default.js"
    },
    "methodnoallow": {
      "enable": "G:\\备份\\仿哔哩哔哩\\后端部分\\egg-video\\node_modules\\egg-security\\config\\config.default.js"
    },
    "noopen": {
      "enable": "G:\\备份\\仿哔哩哔哩\\后端部分\\egg-video\\node_modules\\egg-security\\config\\config.default.js"
    },
    "nosniff": {
      "enable": "G:\\备份\\仿哔哩哔哩\\后端部分\\egg-video\\node_modules\\egg-security\\config\\config.default.js"
    },
    "referrerPolicy": {
      "enable": "G:\\备份\\仿哔哩哔哩\\后端部分\\egg-video\\node_modules\\egg-security\\config\\config.default.js",
      "value": "G:\\备份\\仿哔哩哔哩\\后端部分\\egg-video\\node_modules\\egg-security\\config\\config.default.js"
    },
    "xssProtection": {
      "enable": "G:\\备份\\仿哔哩哔哩\\后端部分\\egg-video\\node_modules\\egg-security\\config\\config.default.js",
      "value": "G:\\备份\\仿哔哩哔哩\\后端部分\\egg-video\\node_modules\\egg-security\\config\\config.default.js"
    },
    "csp": {
      "enable": "G:\\备份\\仿哔哩哔哩\\后端部分\\egg-video\\node_modules\\egg-security\\config\\config.default.js",
      "policy": "G:\\备份\\仿哔哩哔哩\\后端部分\\egg-video\\node_modules\\egg-security\\config\\config.default.js"
    },
    "ssrf": {
      "ipBlackList": "G:\\备份\\仿哔哩哔哩\\后端部分\\egg-video\\node_modules\\egg-security\\config\\config.default.js",
      "checkAddress": "G:\\备份\\仿哔哩哔哩\\后端部分\\egg-video\\node_modules\\egg-security\\config\\config.default.js"
    }
  },
  "cors": {
    "origin": "G:\\备份\\仿哔哩哔哩\\后端部分\\egg-video\\config\\config.default.js",
    "allowMethods": "G:\\备份\\仿哔哩哔哩\\后端部分\\egg-video\\config\\config.default.js"
  },
  "sequelize": {
    "dialect": "G:\\备份\\仿哔哩哔哩\\后端部分\\egg-video\\config\\config.default.js",
    "host": "G:\\备份\\仿哔哩哔哩\\后端部分\\egg-video\\config\\config.default.js",
    "username": "G:\\备份\\仿哔哩哔哩\\后端部分\\egg-video\\config\\config.default.js",
    "password": "G:\\备份\\仿哔哩哔哩\\后端部分\\egg-video\\config\\config.default.js",
    "port": "G:\\备份\\仿哔哩哔哩\\后端部分\\egg-video\\config\\config.default.js",
    "database": "G:\\备份\\仿哔哩哔哩\\后端部分\\egg-video\\config\\config.default.js",
    "timezone": "G:\\备份\\仿哔哩哔哩\\后端部分\\egg-video\\config\\config.default.js",
    "define": {
      "freezeTableName": "G:\\备份\\仿哔哩哔哩\\后端部分\\egg-video\\config\\config.default.js",
      "timestamps": "G:\\备份\\仿哔哩哔哩\\后端部分\\egg-video\\config\\config.default.js",
      "createdAt": "G:\\备份\\仿哔哩哔哩\\后端部分\\egg-video\\config\\config.default.js",
      "updatedAt": "G:\\备份\\仿哔哩哔哩\\后端部分\\egg-video\\config\\config.default.js",
      "underscored": "G:\\备份\\仿哔哩哔哩\\后端部分\\egg-video\\config\\config.default.js"
    }
  },
  "valparams": {
    "locale": "G:\\备份\\仿哔哩哔哩\\后端部分\\egg-video\\config\\config.default.js",
    "throwError": "G:\\备份\\仿哔哩哔哩\\后端部分\\egg-video\\config\\config.default.js",
    "cover": "G:\\备份\\仿哔哩哔哩\\后端部分\\egg-video\\node_modules\\egg-valparams\\config\\config.default.js",
    "allowMultiCall": "G:\\备份\\仿哔哩哔哩\\后端部分\\egg-video\\node_modules\\egg-valparams\\config\\config.default.js",
    "allowEmptyStr": "G:\\备份\\仿哔哩哔哩\\后端部分\\egg-video\\node_modules\\egg-valparams\\config\\config.default.js"
  },
  "crypto": {
    "secret": "G:\\备份\\仿哔哩哔哩\\后端部分\\egg-video\\config\\config.default.js"
  },
  "jwt": {
    "secret": "G:\\备份\\仿哔哩哔哩\\后端部分\\egg-video\\config\\config.default.js",
    "enable": "G:\\备份\\仿哔哩哔哩\\后端部分\\egg-video\\node_modules\\egg-jwt\\config\\config.default.js"
  },
  "redis": {
    "client": {
      "port": "G:\\备份\\仿哔哩哔哩\\后端部分\\egg-video\\config\\config.default.js",
      "host": "G:\\备份\\仿哔哩哔哩\\后端部分\\egg-video\\config\\config.default.js",
      "password": "G:\\备份\\仿哔哩哔哩\\后端部分\\egg-video\\config\\config.default.js",
      "db": "G:\\备份\\仿哔哩哔哩\\后端部分\\egg-video\\config\\config.default.js"
    },
    "default": "G:\\备份\\仿哔哩哔哩\\后端部分\\egg-video\\node_modules\\egg-redis\\config\\config.default.js",
    "app": "G:\\备份\\仿哔哩哔哩\\后端部分\\egg-video\\node_modules\\egg-redis\\config\\config.default.js",
    "agent": "G:\\备份\\仿哔哩哔哩\\后端部分\\egg-video\\node_modules\\egg-redis\\config\\config.default.js",
    "supportTimeCommand": "G:\\备份\\仿哔哩哔哩\\后端部分\\egg-video\\node_modules\\egg-redis\\config\\config.default.js"
  },
  "multipart": {
    "fileSize": "G:\\备份\\仿哔哩哔哩\\后端部分\\egg-video\\config\\config.default.js",
    "mode": "G:\\备份\\仿哔哩哔哩\\后端部分\\egg-video\\config\\config.default.js",
    "fileExtensions": "G:\\备份\\仿哔哩哔哩\\后端部分\\egg-video\\config\\config.default.js",
    "autoFields": "G:\\备份\\仿哔哩哔哩\\后端部分\\egg-video\\node_modules\\egg-multipart\\config\\config.default.js",
    "defaultCharset": "G:\\备份\\仿哔哩哔哩\\后端部分\\egg-video\\node_modules\\egg-multipart\\config\\config.default.js",
    "fieldNameSize": "G:\\备份\\仿哔哩哔哩\\后端部分\\egg-video\\node_modules\\egg-multipart\\config\\config.default.js",
    "fieldSize": "G:\\备份\\仿哔哩哔哩\\后端部分\\egg-video\\node_modules\\egg-multipart\\config\\config.default.js",
    "fields": "G:\\备份\\仿哔哩哔哩\\后端部分\\egg-video\\node_modules\\egg-multipart\\config\\config.default.js",
    "files": "G:\\备份\\仿哔哩哔哩\\后端部分\\egg-video\\node_modules\\egg-multipart\\config\\config.default.js",
    "whitelist": "G:\\备份\\仿哔哩哔哩\\后端部分\\egg-video\\node_modules\\egg-multipart\\config\\config.default.js",
    "tmpdir": "G:\\备份\\仿哔哩哔哩\\后端部分\\egg-video\\node_modules\\egg-multipart\\config\\config.default.js",
    "cleanSchedule": {
      "cron": "G:\\备份\\仿哔哩哔哩\\后端部分\\egg-video\\node_modules\\egg-multipart\\config\\config.default.js"
    }
  },
  "tencentVod": {
    "secret_id": "G:\\备份\\仿哔哩哔哩\\后端部分\\egg-video\\config\\config.default.js",
    "secret_key": "G:\\备份\\仿哔哩哔哩\\后端部分\\egg-video\\config\\config.default.js",
    "vodSubAppId": "G:\\备份\\仿哔哩哔哩\\后端部分\\egg-video\\config\\config.default.js"
  },
  "session": {
    "maxAge": "G:\\备份\\仿哔哩哔哩\\后端部分\\egg-video\\node_modules\\egg-session\\config\\config.default.js",
    "key": "G:\\备份\\仿哔哩哔哩\\后端部分\\egg-video\\node_modules\\egg-session\\config\\config.default.js",
    "httpOnly": "G:\\备份\\仿哔哩哔哩\\后端部分\\egg-video\\node_modules\\egg-session\\config\\config.default.js",
    "encrypt": "G:\\备份\\仿哔哩哔哩\\后端部分\\egg-video\\node_modules\\egg-session\\config\\config.default.js"
  },
  "helper": {
    "shtml": "G:\\备份\\仿哔哩哔哩\\后端部分\\egg-video\\node_modules\\egg-security\\config\\config.default.js"
  },
  "jsonp": {
    "limit": "G:\\备份\\仿哔哩哔哩\\后端部分\\egg-video\\node_modules\\egg-jsonp\\config\\config.default.js",
    "callback": "G:\\备份\\仿哔哩哔哩\\后端部分\\egg-video\\node_modules\\egg-jsonp\\config\\config.default.js",
    "csrf": "G:\\备份\\仿哔哩哔哩\\后端部分\\egg-video\\node_modules\\egg-jsonp\\config\\config.default.js"
  },
  "onerror": {
    "errorPageUrl": "G:\\备份\\仿哔哩哔哩\\后端部分\\egg-video\\node_modules\\egg-onerror\\config\\config.default.js",
    "appErrorFilter": "G:\\备份\\仿哔哩哔哩\\后端部分\\egg-video\\node_modules\\egg-onerror\\config\\config.default.js",
    "templatePath": "G:\\备份\\仿哔哩哔哩\\后端部分\\egg-video\\node_modules\\egg-onerror\\config\\config.default.js"
  },
  "i18n": {
    "defaultLocale": "G:\\备份\\仿哔哩哔哩\\后端部分\\egg-video\\node_modules\\egg-i18n\\config\\config.default.js",
    "dirs": "G:\\备份\\仿哔哩哔哩\\后端部分\\egg-video\\node_modules\\egg-i18n\\config\\config.default.js",
    "queryField": "G:\\备份\\仿哔哩哔哩\\后端部分\\egg-video\\node_modules\\egg-i18n\\config\\config.default.js",
    "cookieField": "G:\\备份\\仿哔哩哔哩\\后端部分\\egg-video\\node_modules\\egg-i18n\\config\\config.default.js",
    "cookieDomain": "G:\\备份\\仿哔哩哔哩\\后端部分\\egg-video\\node_modules\\egg-i18n\\config\\config.default.js",
    "cookieMaxAge": "G:\\备份\\仿哔哩哔哩\\后端部分\\egg-video\\node_modules\\egg-i18n\\config\\config.default.js"
  },
  "watcher": {
    "type": "G:\\备份\\仿哔哩哔哩\\后端部分\\egg-video\\node_modules\\egg-watcher\\config\\config.local.js",
    "eventSources": {
      "default": "G:\\备份\\仿哔哩哔哩\\后端部分\\egg-video\\node_modules\\egg-watcher\\config\\config.default.js",
      "development": "G:\\备份\\仿哔哩哔哩\\后端部分\\egg-video\\node_modules\\egg-watcher\\config\\config.default.js"
    }
  },
  "customLogger": {
    "scheduleLogger": {
      "consoleLevel": "G:\\备份\\仿哔哩哔哩\\后端部分\\egg-video\\node_modules\\egg-schedule\\config\\config.default.js",
      "file": "G:\\备份\\仿哔哩哔哩\\后端部分\\egg-video\\node_modules\\egg-schedule\\config\\config.default.js"
    }
  },
  "schedule": {
    "directory": "G:\\备份\\仿哔哩哔哩\\后端部分\\egg-video\\node_modules\\egg-schedule\\config\\config.default.js"
  },
  "development": {
    "watchDirs": "G:\\备份\\仿哔哩哔哩\\后端部分\\egg-video\\node_modules\\egg-development\\config\\config.default.js",
    "ignoreDirs": "G:\\备份\\仿哔哩哔哩\\后端部分\\egg-video\\node_modules\\egg-development\\config\\config.default.js",
    "fastReady": "G:\\备份\\仿哔哩哔哩\\后端部分\\egg-video\\node_modules\\egg-development\\config\\config.default.js",
    "reloadOnDebug": "G:\\备份\\仿哔哩哔哩\\后端部分\\egg-video\\node_modules\\egg-development\\config\\config.default.js",
    "overrideDefault": "G:\\备份\\仿哔哩哔哩\\后端部分\\egg-video\\node_modules\\egg-development\\config\\config.default.js"
  },
  "logrotator": {
    "filesRotateByHour": "G:\\备份\\仿哔哩哔哩\\后端部分\\egg-video\\node_modules\\egg-logrotator\\config\\config.default.js",
    "hourDelimiter": "G:\\备份\\仿哔哩哔哩\\后端部分\\egg-video\\node_modules\\egg-logrotator\\config\\config.default.js",
    "filesRotateBySize": "G:\\备份\\仿哔哩哔哩\\后端部分\\egg-video\\node_modules\\egg-logrotator\\config\\config.default.js",
    "maxFileSize": "G:\\备份\\仿哔哩哔哩\\后端部分\\egg-video\\node_modules\\egg-logrotator\\config\\config.default.js",
    "maxFiles": "G:\\备份\\仿哔哩哔哩\\后端部分\\egg-video\\node_modules\\egg-logrotator\\config\\config.default.js",
    "rotateDuration": "G:\\备份\\仿哔哩哔哩\\后端部分\\egg-video\\node_modules\\egg-logrotator\\config\\config.default.js",
    "maxDays": "G:\\备份\\仿哔哩哔哩\\后端部分\\egg-video\\node_modules\\egg-logrotator\\config\\config.default.js"
  },
  "static": {
    "prefix": "G:\\备份\\仿哔哩哔哩\\后端部分\\egg-video\\node_modules\\egg-static\\config\\config.default.js",
    "dir": "G:\\备份\\仿哔哩哔哩\\后端部分\\egg-video\\node_modules\\egg-static\\config\\config.default.js",
    "dynamic": "G:\\备份\\仿哔哩哔哩\\后端部分\\egg-video\\node_modules\\egg-static\\config\\config.default.js",
    "preload": "G:\\备份\\仿哔哩哔哩\\后端部分\\egg-video\\node_modules\\egg-static\\config\\config.default.js",
    "buffer": "G:\\备份\\仿哔哩哔哩\\后端部分\\egg-video\\node_modules\\egg-static\\config\\config.default.js",
    "maxFiles": "G:\\备份\\仿哔哩哔哩\\后端部分\\egg-video\\node_modules\\egg-static\\config\\config.default.js"
  },
  "view": {
    "root": "G:\\备份\\仿哔哩哔哩\\后端部分\\egg-video\\node_modules\\egg-view\\config\\config.default.js",
    "cache": "G:\\备份\\仿哔哩哔哩\\后端部分\\egg-video\\node_modules\\egg-view\\config\\config.local.js",
    "defaultExtension": "G:\\备份\\仿哔哩哔哩\\后端部分\\egg-video\\node_modules\\egg-view\\config\\config.default.js",
    "defaultViewEngine": "G:\\备份\\仿哔哩哔哩\\后端部分\\egg-video\\node_modules\\egg-view\\config\\config.default.js",
    "mapping": "G:\\备份\\仿哔哩哔哩\\后端部分\\egg-video\\node_modules\\egg-view\\config\\config.default.js"
  },
  "env": "G:\\备份\\仿哔哩哔哩\\后端部分\\egg-video\\node_modules\\egg\\config\\config.default.js",
  "name": "G:\\备份\\仿哔哩哔哩\\后端部分\\egg-video\\node_modules\\egg\\config\\config.default.js",
  "cookies": "G:\\备份\\仿哔哩哔哩\\后端部分\\egg-video\\node_modules\\egg\\config\\config.default.js",
  "proxy": "G:\\备份\\仿哔哩哔哩\\后端部分\\egg-video\\node_modules\\egg\\config\\config.default.js",
  "maxIpsCount": "G:\\备份\\仿哔哩哔哩\\后端部分\\egg-video\\node_modules\\egg\\config\\config.default.js",
  "maxProxyCount": "G:\\备份\\仿哔哩哔哩\\后端部分\\egg-video\\node_modules\\egg\\config\\config.default.js",
  "protocolHeaders": "G:\\备份\\仿哔哩哔哩\\后端部分\\egg-video\\node_modules\\egg\\config\\config.default.js",
  "ipHeaders": "G:\\备份\\仿哔哩哔哩\\后端部分\\egg-video\\node_modules\\egg\\config\\config.default.js",
  "hostHeaders": "G:\\备份\\仿哔哩哔哩\\后端部分\\egg-video\\node_modules\\egg\\config\\config.default.js",
  "pkg": {
    "name": "G:\\备份\\仿哔哩哔哩\\后端部分\\egg-video\\node_modules\\egg\\config\\config.default.js",
    "version": "G:\\备份\\仿哔哩哔哩\\后端部分\\egg-video\\node_modules\\egg\\config\\config.default.js",
    "description": "G:\\备份\\仿哔哩哔哩\\后端部分\\egg-video\\node_modules\\egg\\config\\config.default.js",
    "private": "G:\\备份\\仿哔哩哔哩\\后端部分\\egg-video\\node_modules\\egg\\config\\config.default.js",
    "egg": {
      "declarations": "G:\\备份\\仿哔哩哔哩\\后端部分\\egg-video\\node_modules\\egg\\config\\config.default.js"
    },
    "dependencies": {
      "await-stream-ready": "G:\\备份\\仿哔哩哔哩\\后端部分\\egg-video\\node_modules\\egg\\config\\config.default.js",
      "crypto": "G:\\备份\\仿哔哩哔哩\\后端部分\\egg-video\\node_modules\\egg\\config\\config.default.js",
      "dayjs": "G:\\备份\\仿哔哩哔哩\\后端部分\\egg-video\\node_modules\\egg\\config\\config.default.js",
      "egg": "G:\\备份\\仿哔哩哔哩\\后端部分\\egg-video\\node_modules\\egg\\config\\config.default.js",
      "egg-cors": "G:\\备份\\仿哔哩哔哩\\后端部分\\egg-video\\node_modules\\egg\\config\\config.default.js",
      "egg-jwt": "G:\\备份\\仿哔哩哔哩\\后端部分\\egg-video\\node_modules\\egg\\config\\config.default.js",
      "egg-redis": "G:\\备份\\仿哔哩哔哩\\后端部分\\egg-video\\node_modules\\egg\\config\\config.default.js",
      "egg-scripts": "G:\\备份\\仿哔哩哔哩\\后端部分\\egg-video\\node_modules\\egg\\config\\config.default.js",
      "egg-sequelize": "G:\\备份\\仿哔哩哔哩\\后端部分\\egg-video\\node_modules\\egg\\config\\config.default.js",
      "egg-valparams": "G:\\备份\\仿哔哩哔哩\\后端部分\\egg-video\\node_modules\\egg\\config\\config.default.js",
      "mysql2": "G:\\备份\\仿哔哩哔哩\\后端部分\\egg-video\\node_modules\\egg\\config\\config.default.js",
      "querystring": "G:\\备份\\仿哔哩哔哩\\后端部分\\egg-video\\node_modules\\egg\\config\\config.default.js",
      "stream-wormhole": "G:\\备份\\仿哔哩哔哩\\后端部分\\egg-video\\node_modules\\egg\\config\\config.default.js"
    },
    "devDependencies": {
      "autod": "G:\\备份\\仿哔哩哔哩\\后端部分\\egg-video\\node_modules\\egg\\config\\config.default.js",
      "autod-egg": "G:\\备份\\仿哔哩哔哩\\后端部分\\egg-video\\node_modules\\egg\\config\\config.default.js",
      "egg-bin": "G:\\备份\\仿哔哩哔哩\\后端部分\\egg-video\\node_modules\\egg\\config\\config.default.js",
      "egg-ci": "G:\\备份\\仿哔哩哔哩\\后端部分\\egg-video\\node_modules\\egg\\config\\config.default.js",
      "egg-mock": "G:\\备份\\仿哔哩哔哩\\后端部分\\egg-video\\node_modules\\egg\\config\\config.default.js",
      "eslint": "G:\\备份\\仿哔哩哔哩\\后端部分\\egg-video\\node_modules\\egg\\config\\config.default.js",
      "eslint-config-egg": "G:\\备份\\仿哔哩哔哩\\后端部分\\egg-video\\node_modules\\egg\\config\\config.default.js",
      "sequelize-cli": "G:\\备份\\仿哔哩哔哩\\后端部分\\egg-video\\node_modules\\egg\\config\\config.default.js"
    },
    "engines": {
      "node": "G:\\备份\\仿哔哩哔哩\\后端部分\\egg-video\\node_modules\\egg\\config\\config.default.js"
    },
    "scripts": {
      "start": "G:\\备份\\仿哔哩哔哩\\后端部分\\egg-video\\node_modules\\egg\\config\\config.default.js",
      "stop": "G:\\备份\\仿哔哩哔哩\\后端部分\\egg-video\\node_modules\\egg\\config\\config.default.js",
      "dev": "G:\\备份\\仿哔哩哔哩\\后端部分\\egg-video\\node_modules\\egg\\config\\config.default.js",
      "debug": "G:\\备份\\仿哔哩哔哩\\后端部分\\egg-video\\node_modules\\egg\\config\\config.default.js",
      "test": "G:\\备份\\仿哔哩哔哩\\后端部分\\egg-video\\node_modules\\egg\\config\\config.default.js",
      "test-local": "G:\\备份\\仿哔哩哔哩\\后端部分\\egg-video\\node_modules\\egg\\config\\config.default.js",
      "cov": "G:\\备份\\仿哔哩哔哩\\后端部分\\egg-video\\node_modules\\egg\\config\\config.default.js",
      "lint": "G:\\备份\\仿哔哩哔哩\\后端部分\\egg-video\\node_modules\\egg\\config\\config.default.js",
      "ci": "G:\\备份\\仿哔哩哔哩\\后端部分\\egg-video\\node_modules\\egg\\config\\config.default.js",
      "autod": "G:\\备份\\仿哔哩哔哩\\后端部分\\egg-video\\node_modules\\egg\\config\\config.default.js"
    },
    "ci": {
      "version": "G:\\备份\\仿哔哩哔哩\\后端部分\\egg-video\\node_modules\\egg\\config\\config.default.js"
    },
    "repository": {
      "type": "G:\\备份\\仿哔哩哔哩\\后端部分\\egg-video\\node_modules\\egg\\config\\config.default.js",
      "url": "G:\\备份\\仿哔哩哔哩\\后端部分\\egg-video\\node_modules\\egg\\config\\config.default.js"
    },
    "author": "G:\\备份\\仿哔哩哔哩\\后端部分\\egg-video\\node_modules\\egg\\config\\config.default.js",
    "license": "G:\\备份\\仿哔哩哔哩\\后端部分\\egg-video\\node_modules\\egg\\config\\config.default.js"
  },
  "baseDir": "G:\\备份\\仿哔哩哔哩\\后端部分\\egg-video\\node_modules\\egg\\config\\config.default.js",
  "HOME": "G:\\备份\\仿哔哩哔哩\\后端部分\\egg-video\\node_modules\\egg\\config\\config.default.js",
  "rundir": "G:\\备份\\仿哔哩哔哩\\后端部分\\egg-video\\node_modules\\egg\\config\\config.default.js",
  "dump": {
    "ignore": "G:\\备份\\仿哔哩哔哩\\后端部分\\egg-video\\node_modules\\egg\\config\\config.default.js"
  },
  "confusedConfigurations": {
    "bodyparser": "G:\\备份\\仿哔哩哔哩\\后端部分\\egg-video\\node_modules\\egg\\config\\config.default.js",
    "notFound": "G:\\备份\\仿哔哩哔哩\\后端部分\\egg-video\\node_modules\\egg\\config\\config.default.js",
    "sitefile": "G:\\备份\\仿哔哩哔哩\\后端部分\\egg-video\\node_modules\\egg\\config\\config.default.js",
    "middlewares": "G:\\备份\\仿哔哩哔哩\\后端部分\\egg-video\\node_modules\\egg\\config\\config.default.js",
    "httpClient": "G:\\备份\\仿哔哩哔哩\\后端部分\\egg-video\\node_modules\\egg\\config\\config.default.js"
  },
  "notfound": {
    "pageUrl": "G:\\备份\\仿哔哩哔哩\\后端部分\\egg-video\\node_modules\\egg\\config\\config.default.js"
  },
  "siteFile": {
    "/favicon.ico": "G:\\备份\\仿哔哩哔哩\\后端部分\\egg-video\\node_modules\\egg\\config\\config.default.js"
  },
  "bodyParser": {
    "enable": "G:\\备份\\仿哔哩哔哩\\后端部分\\egg-video\\node_modules\\egg\\config\\config.default.js",
    "encoding": "G:\\备份\\仿哔哩哔哩\\后端部分\\egg-video\\node_modules\\egg\\config\\config.default.js",
    "formLimit": "G:\\备份\\仿哔哩哔哩\\后端部分\\egg-video\\node_modules\\egg\\config\\config.default.js",
    "jsonLimit": "G:\\备份\\仿哔哩哔哩\\后端部分\\egg-video\\node_modules\\egg\\config\\config.default.js",
    "textLimit": "G:\\备份\\仿哔哩哔哩\\后端部分\\egg-video\\node_modules\\egg\\config\\config.default.js",
    "strict": "G:\\备份\\仿哔哩哔哩\\后端部分\\egg-video\\node_modules\\egg\\config\\config.default.js",
    "queryString": {
      "arrayLimit": "G:\\备份\\仿哔哩哔哩\\后端部分\\egg-video\\node_modules\\egg\\config\\config.default.js",
      "depth": "G:\\备份\\仿哔哩哔哩\\后端部分\\egg-video\\node_modules\\egg\\config\\config.default.js",
      "parameterLimit": "G:\\备份\\仿哔哩哔哩\\后端部分\\egg-video\\node_modules\\egg\\config\\config.default.js"
    },
    "onerror": "G:\\备份\\仿哔哩哔哩\\后端部分\\egg-video\\node_modules\\egg\\config\\config.default.js"
  },
  "logger": {
    "dir": "G:\\备份\\仿哔哩哔哩\\后端部分\\egg-video\\node_modules\\egg\\config\\config.default.js",
    "encoding": "G:\\备份\\仿哔哩哔哩\\后端部分\\egg-video\\node_modules\\egg\\config\\config.default.js",
    "env": "G:\\备份\\仿哔哩哔哩\\后端部分\\egg-video\\node_modules\\egg\\config\\config.default.js",
    "level": "G:\\备份\\仿哔哩哔哩\\后端部分\\egg-video\\node_modules\\egg\\config\\config.default.js",
    "consoleLevel": "G:\\备份\\仿哔哩哔哩\\后端部分\\egg-video\\node_modules\\egg\\config\\config.default.js",
    "disableConsoleAfterReady": "G:\\备份\\仿哔哩哔哩\\后端部分\\egg-video\\node_modules\\egg\\config\\config.default.js",
    "outputJSON": "G:\\备份\\仿哔哩哔哩\\后端部分\\egg-video\\node_modules\\egg\\config\\config.default.js",
    "buffer": "G:\\备份\\仿哔哩哔哩\\后端部分\\egg-video\\node_modules\\egg\\config\\config.default.js",
    "appLogName": "G:\\备份\\仿哔哩哔哩\\后端部分\\egg-video\\node_modules\\egg\\config\\config.default.js",
    "coreLogName": "G:\\备份\\仿哔哩哔哩\\后端部分\\egg-video\\node_modules\\egg\\config\\config.default.js",
    "agentLogName": "G:\\备份\\仿哔哩哔哩\\后端部分\\egg-video\\node_modules\\egg\\config\\config.default.js",
    "errorLogName": "G:\\备份\\仿哔哩哔哩\\后端部分\\egg-video\\node_modules\\egg\\config\\config.default.js",
    "coreLogger": {
      "consoleLevel": "G:\\备份\\仿哔哩哔哩\\后端部分\\egg-video\\node_modules\\egg\\config\\config.local.js"
    },
    "allowDebugAtProd": "G:\\备份\\仿哔哩哔哩\\后端部分\\egg-video\\node_modules\\egg\\config\\config.default.js"
  },
  "httpclient": {
    "enableDNSCache": "G:\\备份\\仿哔哩哔哩\\后端部分\\egg-video\\node_modules\\egg\\config\\config.default.js",
    "dnsCacheLookupInterval": "G:\\备份\\仿哔哩哔哩\\后端部分\\egg-video\\node_modules\\egg\\config\\config.default.js",
    "dnsCacheMaxLength": "G:\\备份\\仿哔哩哔哩\\后端部分\\egg-video\\node_modules\\egg\\config\\config.default.js",
    "request": {
      "timeout": "G:\\备份\\仿哔哩哔哩\\后端部分\\egg-video\\node_modules\\egg\\config\\config.default.js"
    },
    "httpAgent": {
      "keepAlive": "G:\\备份\\仿哔哩哔哩\\后端部分\\egg-video\\node_modules\\egg\\config\\config.default.js",
      "freeSocketTimeout": "G:\\备份\\仿哔哩哔哩\\后端部分\\egg-video\\node_modules\\egg\\config\\config.default.js",
      "maxSockets": "G:\\备份\\仿哔哩哔哩\\后端部分\\egg-video\\node_modules\\egg\\config\\config.default.js",
      "maxFreeSockets": "G:\\备份\\仿哔哩哔哩\\后端部分\\egg-video\\node_modules\\egg\\config\\config.default.js"
    },
    "httpsAgent": {
      "keepAlive": "G:\\备份\\仿哔哩哔哩\\后端部分\\egg-video\\node_modules\\egg\\config\\config.default.js",
      "freeSocketTimeout": "G:\\备份\\仿哔哩哔哩\\后端部分\\egg-video\\node_modules\\egg\\config\\config.default.js",
      "maxSockets": "G:\\备份\\仿哔哩哔哩\\后端部分\\egg-video\\node_modules\\egg\\config\\config.default.js",
      "maxFreeSockets": "G:\\备份\\仿哔哩哔哩\\后端部分\\egg-video\\node_modules\\egg\\config\\config.default.js"
    }
  },
  "meta": {
    "enable": "G:\\备份\\仿哔哩哔哩\\后端部分\\egg-video\\node_modules\\egg\\config\\config.default.js",
    "logging": "G:\\备份\\仿哔哩哔哩\\后端部分\\egg-video\\node_modules\\egg\\config\\config.default.js"
  },
  "coreMiddleware": "G:\\备份\\仿哔哩哔哩\\后端部分\\egg-video\\node_modules\\egg\\config\\config.default.js",
  "workerStartTimeout": "G:\\备份\\仿哔哩哔哩\\后端部分\\egg-video\\node_modules\\egg\\config\\config.default.js",
  "serverTimeout": "G:\\备份\\仿哔哩哔哩\\后端部分\\egg-video\\node_modules\\egg\\config\\config.default.js",
  "cluster": {
    "listen": {
      "path": "G:\\备份\\仿哔哩哔哩\\后端部分\\egg-video\\node_modules\\egg\\config\\config.default.js",
      "port": "G:\\备份\\仿哔哩哔哩\\后端部分\\egg-video\\node_modules\\egg\\config\\config.default.js",
      "hostname": "G:\\备份\\仿哔哩哔哩\\后端部分\\egg-video\\node_modules\\egg\\config\\config.default.js"
    }
  },
  "clusterClient": {
    "maxWaitTime": "G:\\备份\\仿哔哩哔哩\\后端部分\\egg-video\\node_modules\\egg\\config\\config.default.js",
    "responseTimeout": "G:\\备份\\仿哔哩哔哩\\后端部分\\egg-video\\node_modules\\egg\\config\\config.default.js"
  },
  "onClientError": "G:\\备份\\仿哔哩哔哩\\后端部分\\egg-video\\node_modules\\egg\\config\\config.default.js"
}