[
  {
    "name": "Application Start",
    "start": 1595238688737,
    "end": 1595238690679,
    "duration": 1942,
    "pid": 25588,
    "index": 0
  },
  {
    "name": "Load Plugin",
    "start": 1595238688749,
    "end": 1595238688803,
    "duration": 54,
    "pid": 25588,
    "index": 1
  },
  {
    "name": "Load Config",
    "start": 1595238688803,
    "end": 1595238688864,
    "duration": 61,
    "pid": 25588,
    "index": 2
  },
  {
    "name": "Require(0) config/config.default.js",
    "start": 1595238688805,
    "end": 1595238688806,
    "duration": 1,
    "pid": 25588,
    "index": 3
  },
  {
    "name": "Require(1) node_modules/egg-session/config/config.default.js",
    "start": 1595238688809,
    "end": 1595238688811,
    "duration": 2,
    "pid": 25588,
    "index": 4
  },
  {
    "name": "Require(2) node_modules/egg-security/config/config.default.js",
    "start": 1595238688812,
    "end": 1595238688813,
    "duration": 1,
    "pid": 25588,
    "index": 5
  },
  {
    "name": "Require(3) node_modules/egg-jsonp/config/config.default.js",
    "start": 1595238688818,
    "end": 1595238688819,
    "duration": 1,
    "pid": 25588,
    "index": 6
  },
  {
    "name": "Require(4) node_modules/egg-onerror/config/config.default.js",
    "start": 1595238688820,
    "end": 1595238688821,
    "duration": 1,
    "pid": 25588,
    "index": 7
  },
  {
    "name": "Require(5) node_modules/egg-i18n/config/config.default.js",
    "start": 1595238688823,
    "end": 1595238688823,
    "duration": 0,
    "pid": 25588,
    "index": 8
  },
  {
    "name": "Require(6) node_modules/egg-watcher/config/config.default.js",
    "start": 1595238688825,
    "end": 1595238688826,
    "duration": 1,
    "pid": 25588,
    "index": 9
  },
  {
    "name": "Require(7) node_modules/egg-schedule/config/config.default.js",
    "start": 1595238688827,
    "end": 1595238688827,
    "duration": 0,
    "pid": 25588,
    "index": 10
  },
  {
    "name": "Require(8) node_modules/egg-multipart/config/config.default.js",
    "start": 1595238688829,
    "end": 1595238688830,
    "duration": 1,
    "pid": 25588,
    "index": 11
  },
  {
    "name": "Require(9) node_modules/egg-development/config/config.default.js",
    "start": 1595238688831,
    "end": 1595238688832,
    "duration": 1,
    "pid": 25588,
    "index": 12
  },
  {
    "name": "Require(10) node_modules/egg-logrotator/config/config.default.js",
    "start": 1595238688833,
    "end": 1595238688834,
    "duration": 1,
    "pid": 25588,
    "index": 13
  },
  {
    "name": "Require(11) node_modules/egg-static/config/config.default.js",
    "start": 1595238688835,
    "end": 1595238688835,
    "duration": 0,
    "pid": 25588,
    "index": 14
  },
  {
    "name": "Require(12) node_modules/egg-view/config/config.default.js",
    "start": 1595238688837,
    "end": 1595238688838,
    "duration": 1,
    "pid": 25588,
    "index": 15
  },
  {
    "name": "Require(13) node_modules/egg-cors/config/config.default.js",
    "start": 1595238688839,
    "end": 1595238688840,
    "duration": 1,
    "pid": 25588,
    "index": 16
  },
  {
    "name": "Require(14) node_modules/egg-sequelize/config/config.default.js",
    "start": 1595238688841,
    "end": 1595238688842,
    "duration": 1,
    "pid": 25588,
    "index": 17
  },
  {
    "name": "Require(15) node_modules/egg-valparams/config/config.default.js",
    "start": 1595238688843,
    "end": 1595238688844,
    "duration": 1,
    "pid": 25588,
    "index": 18
  },
  {
    "name": "Require(16) node_modules/egg-jwt/config/config.default.js",
    "start": 1595238688845,
    "end": 1595238688846,
    "duration": 1,
    "pid": 25588,
    "index": 19
  },
  {
    "name": "Require(17) node_modules/egg-redis/config/config.default.js",
    "start": 1595238688847,
    "end": 1595238688848,
    "duration": 1,
    "pid": 25588,
    "index": 20
  },
  {
    "name": "Require(18) node_modules/egg/config/config.default.js",
    "start": 1595238688849,
    "end": 1595238688849,
    "duration": 0,
    "pid": 25588,
    "index": 21
  },
  {
    "name": "Require(19) config/config.default.js",
    "start": 1595238688852,
    "end": 1595238688852,
    "duration": 0,
    "pid": 25588,
    "index": 22
  },
  {
    "name": "Require(20) node_modules/egg-security/config/config.local.js",
    "start": 1595238688853,
    "end": 1595238688854,
    "duration": 1,
    "pid": 25588,
    "index": 23
  },
  {
    "name": "Require(21) node_modules/egg-watcher/config/config.local.js",
    "start": 1595238688856,
    "end": 1595238688857,
    "duration": 1,
    "pid": 25588,
    "index": 24
  },
  {
    "name": "Require(22) node_modules/egg-view/config/config.local.js",
    "start": 1595238688860,
    "end": 1595238688860,
    "duration": 0,
    "pid": 25588,
    "index": 25
  },
  {
    "name": "Require(23) node_modules/egg/config/config.local.js",
    "start": 1595238688863,
    "end": 1595238688864,
    "duration": 1,
    "pid": 25588,
    "index": 26
  },
  {
    "name": "Load extend/application.js",
    "start": 1595238688865,
    "end": 1595238688964,
    "duration": 99,
    "pid": 25588,
    "index": 27
  },
  {
    "name": "Require(24) node_modules/egg-session/app/extend/application.js",
    "start": 1595238688867,
    "end": 1595238688868,
    "duration": 1,
    "pid": 25588,
    "index": 28
  },
  {
    "name": "Require(25) node_modules/egg-security/app/extend/application.js",
    "start": 1595238688868,
    "end": 1595238688871,
    "duration": 3,
    "pid": 25588,
    "index": 29
  },
  {
    "name": "Require(26) node_modules/egg-jsonp/app/extend/application.js",
    "start": 1595238688872,
    "end": 1595238688874,
    "duration": 2,
    "pid": 25588,
    "index": 30
  },
  {
    "name": "Require(27) node_modules/egg-logrotator/app/extend/application.js",
    "start": 1595238688877,
    "end": 1595238688879,
    "duration": 2,
    "pid": 25588,
    "index": 31
  },
  {
    "name": "Require(28) node_modules/egg-view/app/extend/application.js",
    "start": 1595238688881,
    "end": 1595238688884,
    "duration": 3,
    "pid": 25588,
    "index": 32
  },
  {
    "name": "Require(29) node_modules/egg-jwt/app/extend/application.js",
    "start": 1595238688886,
    "end": 1595238688955,
    "duration": 69,
    "pid": 25588,
    "index": 33
  },
  {
    "name": "Load extend/request.js",
    "start": 1595238688964,
    "end": 1595238688983,
    "duration": 19,
    "pid": 25588,
    "index": 34
  },
  {
    "name": "Require(30) node_modules/egg/app/extend/request.js",
    "start": 1595238688971,
    "end": 1595238688973,
    "duration": 2,
    "pid": 25588,
    "index": 35
  },
  {
    "name": "Load extend/response.js",
    "start": 1595238688983,
    "end": 1595238689003,
    "duration": 20,
    "pid": 25588,
    "index": 36
  },
  {
    "name": "Require(31) node_modules/egg/app/extend/response.js",
    "start": 1595238688992,
    "end": 1595238688994,
    "duration": 2,
    "pid": 25588,
    "index": 37
  },
  {
    "name": "Load extend/context.js",
    "start": 1595238689003,
    "end": 1595238689165,
    "duration": 162,
    "pid": 25588,
    "index": 38
  },
  {
    "name": "Require(32) node_modules/egg-security/app/extend/context.js",
    "start": 1595238689004,
    "end": 1595238689025,
    "duration": 21,
    "pid": 25588,
    "index": 39
  },
  {
    "name": "Require(33) node_modules/egg-jsonp/app/extend/context.js",
    "start": 1595238689026,
    "end": 1595238689029,
    "duration": 3,
    "pid": 25588,
    "index": 40
  },
  {
    "name": "Require(34) node_modules/egg-i18n/app/extend/context.js",
    "start": 1595238689030,
    "end": 1595238689031,
    "duration": 1,
    "pid": 25588,
    "index": 41
  },
  {
    "name": "Require(35) node_modules/egg-multipart/app/extend/context.js",
    "start": 1595238689033,
    "end": 1595238689113,
    "duration": 80,
    "pid": 25588,
    "index": 42
  },
  {
    "name": "Require(36) node_modules/egg-view/app/extend/context.js",
    "start": 1595238689115,
    "end": 1595238689117,
    "duration": 2,
    "pid": 25588,
    "index": 43
  },
  {
    "name": "Require(37) node_modules/egg-valparams/app/extend/context.js",
    "start": 1595238689118,
    "end": 1595238689150,
    "duration": 32,
    "pid": 25588,
    "index": 44
  },
  {
    "name": "Require(38) node_modules/egg/app/extend/context.js",
    "start": 1595238689152,
    "end": 1595238689154,
    "duration": 2,
    "pid": 25588,
    "index": 45
  },
  {
    "name": "Require(39) app/extend/context.js",
    "start": 1595238689155,
    "end": 1595238689156,
    "duration": 1,
    "pid": 25588,
    "index": 46
  },
  {
    "name": "Load extend/helper.js",
    "start": 1595238689165,
    "end": 1595238689222,
    "duration": 57,
    "pid": 25588,
    "index": 47
  },
  {
    "name": "Require(40) node_modules/egg-security/app/extend/helper.js",
    "start": 1595238689167,
    "end": 1595238689206,
    "duration": 39,
    "pid": 25588,
    "index": 48
  },
  {
    "name": "Require(41) node_modules/egg/app/extend/helper.js",
    "start": 1595238689213,
    "end": 1595238689214,
    "duration": 1,
    "pid": 25588,
    "index": 49
  },
  {
    "name": "Load app.js",
    "start": 1595238689223,
    "end": 1595238689845,
    "duration": 622,
    "pid": 25588,
    "index": 50
  },
  {
    "name": "Require(42) node_modules/egg-session/app.js",
    "start": 1595238689224,
    "end": 1595238689224,
    "duration": 0,
    "pid": 25588,
    "index": 51
  },
  {
    "name": "Require(43) node_modules/egg-security/app.js",
    "start": 1595238689225,
    "end": 1595238689228,
    "duration": 3,
    "pid": 25588,
    "index": 52
  },
  {
    "name": "Require(44) node_modules/egg-onerror/app.js",
    "start": 1595238689230,
    "end": 1595238689245,
    "duration": 15,
    "pid": 25588,
    "index": 53
  },
  {
    "name": "Require(45) node_modules/egg-i18n/app.js",
    "start": 1595238689246,
    "end": 1595238689275,
    "duration": 29,
    "pid": 25588,
    "index": 54
  },
  {
    "name": "Require(46) node_modules/egg-watcher/app.js",
    "start": 1595238689276,
    "end": 1595238689283,
    "duration": 7,
    "pid": 25588,
    "index": 55
  },
  {
    "name": "Require(47) node_modules/egg-schedule/app.js",
    "start": 1595238689284,
    "end": 1595238689287,
    "duration": 3,
    "pid": 25588,
    "index": 56
  },
  {
    "name": "Require(48) node_modules/egg-multipart/app.js",
    "start": 1595238689288,
    "end": 1595238689289,
    "duration": 1,
    "pid": 25588,
    "index": 57
  },
  {
    "name": "Require(49) node_modules/egg-development/app.js",
    "start": 1595238689290,
    "end": 1595238689291,
    "duration": 1,
    "pid": 25588,
    "index": 58
  },
  {
    "name": "Require(50) node_modules/egg-logrotator/app.js",
    "start": 1595238689291,
    "end": 1595238689292,
    "duration": 1,
    "pid": 25588,
    "index": 59
  },
  {
    "name": "Require(51) node_modules/egg-static/app.js",
    "start": 1595238689292,
    "end": 1595238689293,
    "duration": 1,
    "pid": 25588,
    "index": 60
  },
  {
    "name": "Require(52) node_modules/egg-cors/app.js",
    "start": 1595238689294,
    "end": 1595238689295,
    "duration": 1,
    "pid": 25588,
    "index": 61
  },
  {
    "name": "Require(53) node_modules/egg-sequelize/app.js",
    "start": 1595238689295,
    "end": 1595238689296,
    "duration": 1,
    "pid": 25588,
    "index": 62
  },
  {
    "name": "Require(54) node_modules/egg-valparams/app.js",
    "start": 1595238689297,
    "end": 1595238689836,
    "duration": 539,
    "pid": 25588,
    "index": 63
  },
  {
    "name": "Require(55) node_modules/egg-jwt/app.js",
    "start": 1595238689837,
    "end": 1595238689838,
    "duration": 1,
    "pid": 25588,
    "index": 64
  },
  {
    "name": "Require(56) node_modules/egg-redis/app.js",
    "start": 1595238689839,
    "end": 1595238689843,
    "duration": 4,
    "pid": 25588,
    "index": 65
  },
  {
    "name": "Before Start in node_modules/egg-watcher/lib/init.js:15:14",
    "start": 1595238689876,
    "end": 1595238690651,
    "duration": 775,
    "pid": 25588,
    "index": 66
  },
  {
    "name": "Load \"Symbol(model)\" to Application",
    "start": 1595238690157,
    "end": 1595238690201,
    "duration": 44,
    "pid": 25588,
    "index": 67
  },
  {
    "name": "Before Start in node_modules/egg-sequelize/lib/loader.js:39:7",
    "start": 1595238690213,
    "end": 1595238690679,
    "duration": 466,
    "pid": 25588,
    "index": 68
  },
  {
    "name": "Before Start in node_modules/egg-redis/lib/redis.js:53:7",
    "start": 1595238690321,
    "end": 1595238690620,
    "duration": 299,
    "pid": 25588,
    "index": 69
  },
  {
    "name": "Load Service",
    "start": 1595238690322,
    "end": 1595238690344,
    "duration": 22,
    "pid": 25588,
    "index": 70
  },
  {
    "name": "Load \"service\" to Context",
    "start": 1595238690322,
    "end": 1595238690344,
    "duration": 22,
    "pid": 25588,
    "index": 71
  },
  {
    "name": "Load Middleware",
    "start": 1595238690344,
    "end": 1595238690536,
    "duration": 192,
    "pid": 25588,
    "index": 72
  },
  {
    "name": "Load \"middlewares\" to Application",
    "start": 1595238690345,
    "end": 1595238690512,
    "duration": 167,
    "pid": 25588,
    "index": 73
  },
  {
    "name": "Load Controller",
    "start": 1595238690536,
    "end": 1595238690566,
    "duration": 30,
    "pid": 25588,
    "index": 74
  },
  {
    "name": "Load \"controller\" to Application",
    "start": 1595238690536,
    "end": 1595238690566,
    "duration": 30,
    "pid": 25588,
    "index": 75
  },
  {
    "name": "Load Router",
    "start": 1595238690567,
    "end": 1595238690572,
    "duration": 5,
    "pid": 25588,
    "index": 76
  },
  {
    "name": "Require(57) app/router.js",
    "start": 1595238690567,
    "end": 1595238690568,
    "duration": 1,
    "pid": 25588,
    "index": 77
  },
  {
    "name": "Before Start in node_modules/egg-core/lib/egg.js:303:10",
    "start": 1595238690569,
    "end": 1595238690605,
    "duration": 36,
    "pid": 25588,
    "index": 78
  }
]