[
  {
    "name": "Application Start",
    "start": 1595238684361,
    "end": 1595238686390,
    "duration": 2029,
    "pid": 3976,
    "index": 0
  },
  {
    "name": "Load Plugin",
    "start": 1595238684375,
    "end": 1595238684440,
    "duration": 65,
    "pid": 3976,
    "index": 1
  },
  {
    "name": "Load Config",
    "start": 1595238684440,
    "end": 1595238684508,
    "duration": 68,
    "pid": 3976,
    "index": 2
  },
  {
    "name": "Require(0) config/config.default.js",
    "start": 1595238684442,
    "end": 1595238684443,
    "duration": 1,
    "pid": 3976,
    "index": 3
  },
  {
    "name": "Require(1) node_modules/egg-session/config/config.default.js",
    "start": 1595238684446,
    "end": 1595238684450,
    "duration": 4,
    "pid": 3976,
    "index": 4
  },
  {
    "name": "Require(2) node_modules/egg-security/config/config.default.js",
    "start": 1595238684451,
    "end": 1595238684452,
    "duration": 1,
    "pid": 3976,
    "index": 5
  },
  {
    "name": "Require(3) node_modules/egg-jsonp/config/config.default.js",
    "start": 1595238684454,
    "end": 1595238684455,
    "duration": 1,
    "pid": 3976,
    "index": 6
  },
  {
    "name": "Require(4) node_modules/egg-onerror/config/config.default.js",
    "start": 1595238684456,
    "end": 1595238684457,
    "duration": 1,
    "pid": 3976,
    "index": 7
  },
  {
    "name": "Require(5) node_modules/egg-i18n/config/config.default.js",
    "start": 1595238684458,
    "end": 1595238684459,
    "duration": 1,
    "pid": 3976,
    "index": 8
  },
  {
    "name": "Require(6) node_modules/egg-watcher/config/config.default.js",
    "start": 1595238684460,
    "end": 1595238684462,
    "duration": 2,
    "pid": 3976,
    "index": 9
  },
  {
    "name": "Require(7) node_modules/egg-schedule/config/config.default.js",
    "start": 1595238684463,
    "end": 1595238684463,
    "duration": 0,
    "pid": 3976,
    "index": 10
  },
  {
    "name": "Require(8) node_modules/egg-multipart/config/config.default.js",
    "start": 1595238684465,
    "end": 1595238684466,
    "duration": 1,
    "pid": 3976,
    "index": 11
  },
  {
    "name": "Require(9) node_modules/egg-development/config/config.default.js",
    "start": 1595238684468,
    "end": 1595238684469,
    "duration": 1,
    "pid": 3976,
    "index": 12
  },
  {
    "name": "Require(10) node_modules/egg-logrotator/config/config.default.js",
    "start": 1595238684470,
    "end": 1595238684471,
    "duration": 1,
    "pid": 3976,
    "index": 13
  },
  {
    "name": "Require(11) node_modules/egg-static/config/config.default.js",
    "start": 1595238684473,
    "end": 1595238684474,
    "duration": 1,
    "pid": 3976,
    "index": 14
  },
  {
    "name": "Require(12) node_modules/egg-view/config/config.default.js",
    "start": 1595238684476,
    "end": 1595238684476,
    "duration": 0,
    "pid": 3976,
    "index": 15
  },
  {
    "name": "Require(13) node_modules/egg-cors/config/config.default.js",
    "start": 1595238684478,
    "end": 1595238684479,
    "duration": 1,
    "pid": 3976,
    "index": 16
  },
  {
    "name": "Require(14) node_modules/egg-sequelize/config/config.default.js",
    "start": 1595238684480,
    "end": 1595238684481,
    "duration": 1,
    "pid": 3976,
    "index": 17
  },
  {
    "name": "Require(15) node_modules/egg-valparams/config/config.default.js",
    "start": 1595238684482,
    "end": 1595238684483,
    "duration": 1,
    "pid": 3976,
    "index": 18
  },
  {
    "name": "Require(16) node_modules/egg-jwt/config/config.default.js",
    "start": 1595238684485,
    "end": 1595238684486,
    "duration": 1,
    "pid": 3976,
    "index": 19
  },
  {
    "name": "Require(17) node_modules/egg-redis/config/config.default.js",
    "start": 1595238684487,
    "end": 1595238684489,
    "duration": 2,
    "pid": 3976,
    "index": 20
  },
  {
    "name": "Require(18) node_modules/egg/config/config.default.js",
    "start": 1595238684490,
    "end": 1595238684491,
    "duration": 1,
    "pid": 3976,
    "index": 21
  },
  {
    "name": "Require(19) config/config.default.js",
    "start": 1595238684494,
    "end": 1595238684494,
    "duration": 0,
    "pid": 3976,
    "index": 22
  },
  {
    "name": "Require(20) node_modules/egg-security/config/config.local.js",
    "start": 1595238684495,
    "end": 1595238684496,
    "duration": 1,
    "pid": 3976,
    "index": 23
  },
  {
    "name": "Require(21) node_modules/egg-watcher/config/config.local.js",
    "start": 1595238684498,
    "end": 1595238684499,
    "duration": 1,
    "pid": 3976,
    "index": 24
  },
  {
    "name": "Require(22) node_modules/egg-view/config/config.local.js",
    "start": 1595238684502,
    "end": 1595238684503,
    "duration": 1,
    "pid": 3976,
    "index": 25
  },
  {
    "name": "Require(23) node_modules/egg/config/config.local.js",
    "start": 1595238684507,
    "end": 1595238684507,
    "duration": 0,
    "pid": 3976,
    "index": 26
  },
  {
    "name": "Load extend/application.js",
    "start": 1595238684509,
    "end": 1595238684630,
    "duration": 121,
    "pid": 3976,
    "index": 27
  },
  {
    "name": "Require(24) node_modules/egg-session/app/extend/application.js",
    "start": 1595238684511,
    "end": 1595238684512,
    "duration": 1,
    "pid": 3976,
    "index": 28
  },
  {
    "name": "Require(25) node_modules/egg-security/app/extend/application.js",
    "start": 1595238684513,
    "end": 1595238684516,
    "duration": 3,
    "pid": 3976,
    "index": 29
  },
  {
    "name": "Require(26) node_modules/egg-jsonp/app/extend/application.js",
    "start": 1595238684517,
    "end": 1595238684520,
    "duration": 3,
    "pid": 3976,
    "index": 30
  },
  {
    "name": "Require(27) node_modules/egg-logrotator/app/extend/application.js",
    "start": 1595238684524,
    "end": 1595238684528,
    "duration": 4,
    "pid": 3976,
    "index": 31
  },
  {
    "name": "Require(28) node_modules/egg-view/app/extend/application.js",
    "start": 1595238684529,
    "end": 1595238684533,
    "duration": 4,
    "pid": 3976,
    "index": 32
  },
  {
    "name": "Require(29) node_modules/egg-jwt/app/extend/application.js",
    "start": 1595238684536,
    "end": 1595238684619,
    "duration": 83,
    "pid": 3976,
    "index": 33
  },
  {
    "name": "Load extend/request.js",
    "start": 1595238684630,
    "end": 1595238684650,
    "duration": 20,
    "pid": 3976,
    "index": 34
  },
  {
    "name": "Require(30) node_modules/egg/app/extend/request.js",
    "start": 1595238684639,
    "end": 1595238684641,
    "duration": 2,
    "pid": 3976,
    "index": 35
  },
  {
    "name": "Load extend/response.js",
    "start": 1595238684650,
    "end": 1595238684673,
    "duration": 23,
    "pid": 3976,
    "index": 36
  },
  {
    "name": "Require(31) node_modules/egg/app/extend/response.js",
    "start": 1595238684659,
    "end": 1595238684661,
    "duration": 2,
    "pid": 3976,
    "index": 37
  },
  {
    "name": "Load extend/context.js",
    "start": 1595238684673,
    "end": 1595238684844,
    "duration": 171,
    "pid": 3976,
    "index": 38
  },
  {
    "name": "Require(32) node_modules/egg-security/app/extend/context.js",
    "start": 1595238684676,
    "end": 1595238684700,
    "duration": 24,
    "pid": 3976,
    "index": 39
  },
  {
    "name": "Require(33) node_modules/egg-jsonp/app/extend/context.js",
    "start": 1595238684701,
    "end": 1595238684704,
    "duration": 3,
    "pid": 3976,
    "index": 40
  },
  {
    "name": "Require(34) node_modules/egg-i18n/app/extend/context.js",
    "start": 1595238684706,
    "end": 1595238684706,
    "duration": 0,
    "pid": 3976,
    "index": 41
  },
  {
    "name": "Require(35) node_modules/egg-multipart/app/extend/context.js",
    "start": 1595238684709,
    "end": 1595238684791,
    "duration": 82,
    "pid": 3976,
    "index": 42
  },
  {
    "name": "Require(36) node_modules/egg-view/app/extend/context.js",
    "start": 1595238684794,
    "end": 1595238684796,
    "duration": 2,
    "pid": 3976,
    "index": 43
  },
  {
    "name": "Require(37) node_modules/egg-valparams/app/extend/context.js",
    "start": 1595238684797,
    "end": 1595238684830,
    "duration": 33,
    "pid": 3976,
    "index": 44
  },
  {
    "name": "Require(38) node_modules/egg/app/extend/context.js",
    "start": 1595238684831,
    "end": 1595238684833,
    "duration": 2,
    "pid": 3976,
    "index": 45
  },
  {
    "name": "Require(39) app/extend/context.js",
    "start": 1595238684834,
    "end": 1595238684835,
    "duration": 1,
    "pid": 3976,
    "index": 46
  },
  {
    "name": "Load extend/helper.js",
    "start": 1595238684844,
    "end": 1595238684899,
    "duration": 55,
    "pid": 3976,
    "index": 47
  },
  {
    "name": "Require(40) node_modules/egg-security/app/extend/helper.js",
    "start": 1595238684845,
    "end": 1595238684881,
    "duration": 36,
    "pid": 3976,
    "index": 48
  },
  {
    "name": "Require(41) node_modules/egg/app/extend/helper.js",
    "start": 1595238684888,
    "end": 1595238684889,
    "duration": 1,
    "pid": 3976,
    "index": 49
  },
  {
    "name": "Load app.js",
    "start": 1595238684899,
    "end": 1595238685535,
    "duration": 636,
    "pid": 3976,
    "index": 50
  },
  {
    "name": "Require(42) node_modules/egg-session/app.js",
    "start": 1595238684900,
    "end": 1595238684901,
    "duration": 1,
    "pid": 3976,
    "index": 51
  },
  {
    "name": "Require(43) node_modules/egg-security/app.js",
    "start": 1595238684901,
    "end": 1595238684906,
    "duration": 5,
    "pid": 3976,
    "index": 52
  },
  {
    "name": "Require(44) node_modules/egg-onerror/app.js",
    "start": 1595238684908,
    "end": 1595238684925,
    "duration": 17,
    "pid": 3976,
    "index": 53
  },
  {
    "name": "Require(45) node_modules/egg-i18n/app.js",
    "start": 1595238684926,
    "end": 1595238684962,
    "duration": 36,
    "pid": 3976,
    "index": 54
  },
  {
    "name": "Require(46) node_modules/egg-watcher/app.js",
    "start": 1595238684963,
    "end": 1595238684972,
    "duration": 9,
    "pid": 3976,
    "index": 55
  },
  {
    "name": "Require(47) node_modules/egg-schedule/app.js",
    "start": 1595238684973,
    "end": 1595238684976,
    "duration": 3,
    "pid": 3976,
    "index": 56
  },
  {
    "name": "Require(48) node_modules/egg-multipart/app.js",
    "start": 1595238684977,
    "end": 1595238684978,
    "duration": 1,
    "pid": 3976,
    "index": 57
  },
  {
    "name": "Require(49) node_modules/egg-development/app.js",
    "start": 1595238684979,
    "end": 1595238684980,
    "duration": 1,
    "pid": 3976,
    "index": 58
  },
  {
    "name": "Require(50) node_modules/egg-logrotator/app.js",
    "start": 1595238684980,
    "end": 1595238684981,
    "duration": 1,
    "pid": 3976,
    "index": 59
  },
  {
    "name": "Require(51) node_modules/egg-static/app.js",
    "start": 1595238684982,
    "end": 1595238684983,
    "duration": 1,
    "pid": 3976,
    "index": 60
  },
  {
    "name": "Require(52) node_modules/egg-cors/app.js",
    "start": 1595238684984,
    "end": 1595238684985,
    "duration": 1,
    "pid": 3976,
    "index": 61
  },
  {
    "name": "Require(53) node_modules/egg-sequelize/app.js",
    "start": 1595238684986,
    "end": 1595238684986,
    "duration": 0,
    "pid": 3976,
    "index": 62
  },
  {
    "name": "Require(54) node_modules/egg-valparams/app.js",
    "start": 1595238684987,
    "end": 1595238685528,
    "duration": 541,
    "pid": 3976,
    "index": 63
  },
  {
    "name": "Require(55) node_modules/egg-jwt/app.js",
    "start": 1595238685529,
    "end": 1595238685529,
    "duration": 0,
    "pid": 3976,
    "index": 64
  },
  {
    "name": "Require(56) node_modules/egg-redis/app.js",
    "start": 1595238685530,
    "end": 1595238685533,
    "duration": 3,
    "pid": 3976,
    "index": 65
  },
  {
    "name": "Before Start in node_modules/egg-watcher/lib/init.js:15:14",
    "start": 1595238685552,
    "end": 1595238686361,
    "duration": 809,
    "pid": 3976,
    "index": 66
  },
  {
    "name": "Load \"Symbol(model)\" to Application",
    "start": 1595238685874,
    "end": 1595238685923,
    "duration": 49,
    "pid": 3976,
    "index": 67
  },
  {
    "name": "Before Start in node_modules/egg-sequelize/lib/loader.js:39:7",
    "start": 1595238685935,
    "end": 1595238686389,
    "duration": 454,
    "pid": 3976,
    "index": 68
  },
  {
    "name": "Before Start in node_modules/egg-redis/lib/redis.js:53:7",
    "start": 1595238686040,
    "end": 1595238686328,
    "duration": 288,
    "pid": 3976,
    "index": 69
  },
  {
    "name": "Load Service",
    "start": 1595238686041,
    "end": 1595238686058,
    "duration": 17,
    "pid": 3976,
    "index": 70
  },
  {
    "name": "Load \"service\" to Context",
    "start": 1595238686041,
    "end": 1595238686058,
    "duration": 17,
    "pid": 3976,
    "index": 71
  },
  {
    "name": "Load Middleware",
    "start": 1595238686058,
    "end": 1595238686245,
    "duration": 187,
    "pid": 3976,
    "index": 72
  },
  {
    "name": "Load \"middlewares\" to Application",
    "start": 1595238686059,
    "end": 1595238686217,
    "duration": 158,
    "pid": 3976,
    "index": 73
  },
  {
    "name": "Load Controller",
    "start": 1595238686246,
    "end": 1595238686278,
    "duration": 32,
    "pid": 3976,
    "index": 74
  },
  {
    "name": "Load \"controller\" to Application",
    "start": 1595238686246,
    "end": 1595238686278,
    "duration": 32,
    "pid": 3976,
    "index": 75
  },
  {
    "name": "Load Router",
    "start": 1595238686278,
    "end": 1595238686282,
    "duration": 4,
    "pid": 3976,
    "index": 76
  },
  {
    "name": "Require(57) app/router.js",
    "start": 1595238686279,
    "end": 1595238686279,
    "duration": 0,
    "pid": 3976,
    "index": 77
  },
  {
    "name": "Before Start in node_modules/egg-core/lib/egg.js:303:10",
    "start": 1595238686280,
    "end": 1595238686312,
    "duration": 32,
    "pid": 3976,
    "index": 78
  }
]