[
  {
    "name": "Application Start",
    "start": 1595238751690,
    "end": 1595238753629,
    "duration": 1939,
    "pid": 14196,
    "index": 0
  },
  {
    "name": "Load Plugin",
    "start": 1595238751698,
    "end": 1595238751756,
    "duration": 58,
    "pid": 14196,
    "index": 1
  },
  {
    "name": "Load Config",
    "start": 1595238751756,
    "end": 1595238751808,
    "duration": 52,
    "pid": 14196,
    "index": 2
  },
  {
    "name": "Require(0) config/config.default.js",
    "start": 1595238751758,
    "end": 1595238751758,
    "duration": 0,
    "pid": 14196,
    "index": 3
  },
  {
    "name": "Require(1) node_modules/egg-session/config/config.default.js",
    "start": 1595238751762,
    "end": 1595238751763,
    "duration": 1,
    "pid": 14196,
    "index": 4
  },
  {
    "name": "Require(2) node_modules/egg-security/config/config.default.js",
    "start": 1595238751764,
    "end": 1595238751765,
    "duration": 1,
    "pid": 14196,
    "index": 5
  },
  {
    "name": "Require(3) node_modules/egg-jsonp/config/config.default.js",
    "start": 1595238751769,
    "end": 1595238751770,
    "duration": 1,
    "pid": 14196,
    "index": 6
  },
  {
    "name": "Require(4) node_modules/egg-onerror/config/config.default.js",
    "start": 1595238751771,
    "end": 1595238751772,
    "duration": 1,
    "pid": 14196,
    "index": 7
  },
  {
    "name": "Require(5) node_modules/egg-i18n/config/config.default.js",
    "start": 1595238751773,
    "end": 1595238751774,
    "duration": 1,
    "pid": 14196,
    "index": 8
  },
  {
    "name": "Require(6) node_modules/egg-watcher/config/config.default.js",
    "start": 1595238751775,
    "end": 1595238751776,
    "duration": 1,
    "pid": 14196,
    "index": 9
  },
  {
    "name": "Require(7) node_modules/egg-schedule/config/config.default.js",
    "start": 1595238751777,
    "end": 1595238751778,
    "duration": 1,
    "pid": 14196,
    "index": 10
  },
  {
    "name": "Require(8) node_modules/egg-multipart/config/config.default.js",
    "start": 1595238751779,
    "end": 1595238751780,
    "duration": 1,
    "pid": 14196,
    "index": 11
  },
  {
    "name": "Require(9) node_modules/egg-development/config/config.default.js",
    "start": 1595238751781,
    "end": 1595238751782,
    "duration": 1,
    "pid": 14196,
    "index": 12
  },
  {
    "name": "Require(10) node_modules/egg-logrotator/config/config.default.js",
    "start": 1595238751783,
    "end": 1595238751783,
    "duration": 0,
    "pid": 14196,
    "index": 13
  },
  {
    "name": "Require(11) node_modules/egg-static/config/config.default.js",
    "start": 1595238751784,
    "end": 1595238751785,
    "duration": 1,
    "pid": 14196,
    "index": 14
  },
  {
    "name": "Require(12) node_modules/egg-view/config/config.default.js",
    "start": 1595238751786,
    "end": 1595238751787,
    "duration": 1,
    "pid": 14196,
    "index": 15
  },
  {
    "name": "Require(13) node_modules/egg-cors/config/config.default.js",
    "start": 1595238751787,
    "end": 1595238751788,
    "duration": 1,
    "pid": 14196,
    "index": 16
  },
  {
    "name": "Require(14) node_modules/egg-sequelize/config/config.default.js",
    "start": 1595238751789,
    "end": 1595238751790,
    "duration": 1,
    "pid": 14196,
    "index": 17
  },
  {
    "name": "Require(15) node_modules/egg-valparams/config/config.default.js",
    "start": 1595238751791,
    "end": 1595238751791,
    "duration": 0,
    "pid": 14196,
    "index": 18
  },
  {
    "name": "Require(16) node_modules/egg-jwt/config/config.default.js",
    "start": 1595238751792,
    "end": 1595238751793,
    "duration": 1,
    "pid": 14196,
    "index": 19
  },
  {
    "name": "Require(17) node_modules/egg-redis/config/config.default.js",
    "start": 1595238751794,
    "end": 1595238751795,
    "duration": 1,
    "pid": 14196,
    "index": 20
  },
  {
    "name": "Require(18) node_modules/egg/config/config.default.js",
    "start": 1595238751795,
    "end": 1595238751796,
    "duration": 1,
    "pid": 14196,
    "index": 21
  },
  {
    "name": "Require(19) config/config.default.js",
    "start": 1595238751797,
    "end": 1595238751797,
    "duration": 0,
    "pid": 14196,
    "index": 22
  },
  {
    "name": "Require(20) node_modules/egg-security/config/config.local.js",
    "start": 1595238751799,
    "end": 1595238751799,
    "duration": 0,
    "pid": 14196,
    "index": 23
  },
  {
    "name": "Require(21) node_modules/egg-watcher/config/config.local.js",
    "start": 1595238751801,
    "end": 1595238751801,
    "duration": 0,
    "pid": 14196,
    "index": 24
  },
  {
    "name": "Require(22) node_modules/egg-view/config/config.local.js",
    "start": 1595238751804,
    "end": 1595238751805,
    "duration": 1,
    "pid": 14196,
    "index": 25
  },
  {
    "name": "Require(23) node_modules/egg/config/config.local.js",
    "start": 1595238751807,
    "end": 1595238751808,
    "duration": 1,
    "pid": 14196,
    "index": 26
  },
  {
    "name": "Load extend/application.js",
    "start": 1595238751809,
    "end": 1595238751903,
    "duration": 94,
    "pid": 14196,
    "index": 27
  },
  {
    "name": "Require(24) node_modules/egg-session/app/extend/application.js",
    "start": 1595238751810,
    "end": 1595238751811,
    "duration": 1,
    "pid": 14196,
    "index": 28
  },
  {
    "name": "Require(25) node_modules/egg-security/app/extend/application.js",
    "start": 1595238751812,
    "end": 1595238751814,
    "duration": 2,
    "pid": 14196,
    "index": 29
  },
  {
    "name": "Require(26) node_modules/egg-jsonp/app/extend/application.js",
    "start": 1595238751815,
    "end": 1595238751817,
    "duration": 2,
    "pid": 14196,
    "index": 30
  },
  {
    "name": "Require(27) node_modules/egg-logrotator/app/extend/application.js",
    "start": 1595238751821,
    "end": 1595238751825,
    "duration": 4,
    "pid": 14196,
    "index": 31
  },
  {
    "name": "Require(28) node_modules/egg-view/app/extend/application.js",
    "start": 1595238751826,
    "end": 1595238751829,
    "duration": 3,
    "pid": 14196,
    "index": 32
  },
  {
    "name": "Require(29) node_modules/egg-jwt/app/extend/application.js",
    "start": 1595238751831,
    "end": 1595238751893,
    "duration": 62,
    "pid": 14196,
    "index": 33
  },
  {
    "name": "Load extend/request.js",
    "start": 1595238751903,
    "end": 1595238751922,
    "duration": 19,
    "pid": 14196,
    "index": 34
  },
  {
    "name": "Require(30) node_modules/egg/app/extend/request.js",
    "start": 1595238751913,
    "end": 1595238751914,
    "duration": 1,
    "pid": 14196,
    "index": 35
  },
  {
    "name": "Load extend/response.js",
    "start": 1595238751922,
    "end": 1595238751940,
    "duration": 18,
    "pid": 14196,
    "index": 36
  },
  {
    "name": "Require(31) node_modules/egg/app/extend/response.js",
    "start": 1595238751930,
    "end": 1595238751932,
    "duration": 2,
    "pid": 14196,
    "index": 37
  },
  {
    "name": "Load extend/context.js",
    "start": 1595238751940,
    "end": 1595238752093,
    "duration": 153,
    "pid": 14196,
    "index": 38
  },
  {
    "name": "Require(32) node_modules/egg-security/app/extend/context.js",
    "start": 1595238751942,
    "end": 1595238751960,
    "duration": 18,
    "pid": 14196,
    "index": 39
  },
  {
    "name": "Require(33) node_modules/egg-jsonp/app/extend/context.js",
    "start": 1595238751961,
    "end": 1595238751963,
    "duration": 2,
    "pid": 14196,
    "index": 40
  },
  {
    "name": "Require(34) node_modules/egg-i18n/app/extend/context.js",
    "start": 1595238751965,
    "end": 1595238751966,
    "duration": 1,
    "pid": 14196,
    "index": 41
  },
  {
    "name": "Require(35) node_modules/egg-multipart/app/extend/context.js",
    "start": 1595238751968,
    "end": 1595238752046,
    "duration": 78,
    "pid": 14196,
    "index": 42
  },
  {
    "name": "Require(36) node_modules/egg-view/app/extend/context.js",
    "start": 1595238752048,
    "end": 1595238752050,
    "duration": 2,
    "pid": 14196,
    "index": 43
  },
  {
    "name": "Require(37) node_modules/egg-valparams/app/extend/context.js",
    "start": 1595238752052,
    "end": 1595238752082,
    "duration": 30,
    "pid": 14196,
    "index": 44
  },
  {
    "name": "Require(38) node_modules/egg/app/extend/context.js",
    "start": 1595238752084,
    "end": 1595238752085,
    "duration": 1,
    "pid": 14196,
    "index": 45
  },
  {
    "name": "Require(39) app/extend/context.js",
    "start": 1595238752085,
    "end": 1595238752086,
    "duration": 1,
    "pid": 14196,
    "index": 46
  },
  {
    "name": "Load extend/helper.js",
    "start": 1595238752093,
    "end": 1595238752137,
    "duration": 44,
    "pid": 14196,
    "index": 47
  },
  {
    "name": "Require(40) node_modules/egg-security/app/extend/helper.js",
    "start": 1595238752094,
    "end": 1595238752124,
    "duration": 30,
    "pid": 14196,
    "index": 48
  },
  {
    "name": "Require(41) node_modules/egg/app/extend/helper.js",
    "start": 1595238752130,
    "end": 1595238752130,
    "duration": 0,
    "pid": 14196,
    "index": 49
  },
  {
    "name": "Load app.js",
    "start": 1595238752137,
    "end": 1595238752748,
    "duration": 611,
    "pid": 14196,
    "index": 50
  },
  {
    "name": "Require(42) node_modules/egg-session/app.js",
    "start": 1595238752138,
    "end": 1595238752139,
    "duration": 1,
    "pid": 14196,
    "index": 51
  },
  {
    "name": "Require(43) node_modules/egg-security/app.js",
    "start": 1595238752139,
    "end": 1595238752142,
    "duration": 3,
    "pid": 14196,
    "index": 52
  },
  {
    "name": "Require(44) node_modules/egg-onerror/app.js",
    "start": 1595238752143,
    "end": 1595238752157,
    "duration": 14,
    "pid": 14196,
    "index": 53
  },
  {
    "name": "Require(45) node_modules/egg-i18n/app.js",
    "start": 1595238752158,
    "end": 1595238752185,
    "duration": 27,
    "pid": 14196,
    "index": 54
  },
  {
    "name": "Require(46) node_modules/egg-watcher/app.js",
    "start": 1595238752186,
    "end": 1595238752194,
    "duration": 8,
    "pid": 14196,
    "index": 55
  },
  {
    "name": "Require(47) node_modules/egg-schedule/app.js",
    "start": 1595238752194,
    "end": 1595238752197,
    "duration": 3,
    "pid": 14196,
    "index": 56
  },
  {
    "name": "Require(48) node_modules/egg-multipart/app.js",
    "start": 1595238752198,
    "end": 1595238752198,
    "duration": 0,
    "pid": 14196,
    "index": 57
  },
  {
    "name": "Require(49) node_modules/egg-development/app.js",
    "start": 1595238752199,
    "end": 1595238752200,
    "duration": 1,
    "pid": 14196,
    "index": 58
  },
  {
    "name": "Require(50) node_modules/egg-logrotator/app.js",
    "start": 1595238752201,
    "end": 1595238752201,
    "duration": 0,
    "pid": 14196,
    "index": 59
  },
  {
    "name": "Require(51) node_modules/egg-static/app.js",
    "start": 1595238752202,
    "end": 1595238752202,
    "duration": 0,
    "pid": 14196,
    "index": 60
  },
  {
    "name": "Require(52) node_modules/egg-cors/app.js",
    "start": 1595238752204,
    "end": 1595238752205,
    "duration": 1,
    "pid": 14196,
    "index": 61
  },
  {
    "name": "Require(53) node_modules/egg-sequelize/app.js",
    "start": 1595238752206,
    "end": 1595238752206,
    "duration": 0,
    "pid": 14196,
    "index": 62
  },
  {
    "name": "Require(54) node_modules/egg-valparams/app.js",
    "start": 1595238752207,
    "end": 1595238752738,
    "duration": 531,
    "pid": 14196,
    "index": 63
  },
  {
    "name": "Require(55) node_modules/egg-jwt/app.js",
    "start": 1595238752739,
    "end": 1595238752741,
    "duration": 2,
    "pid": 14196,
    "index": 64
  },
  {
    "name": "Require(56) node_modules/egg-redis/app.js",
    "start": 1595238752742,
    "end": 1595238752746,
    "duration": 4,
    "pid": 14196,
    "index": 65
  },
  {
    "name": "Before Start in node_modules/egg-watcher/lib/init.js:15:14",
    "start": 1595238752771,
    "end": 1595238753574,
    "duration": 803,
    "pid": 14196,
    "index": 66
  },
  {
    "name": "Load \"Symbol(model)\" to Application",
    "start": 1595238753091,
    "end": 1595238753127,
    "duration": 36,
    "pid": 14196,
    "index": 67
  },
  {
    "name": "Before Start in node_modules/egg-sequelize/lib/loader.js:39:7",
    "start": 1595238753138,
    "end": 1595238753628,
    "duration": 490,
    "pid": 14196,
    "index": 68
  },
  {
    "name": "Before Start in node_modules/egg-redis/lib/redis.js:53:7",
    "start": 1595238753240,
    "end": 1595238753534,
    "duration": 294,
    "pid": 14196,
    "index": 69
  },
  {
    "name": "Load Service",
    "start": 1595238753240,
    "end": 1595238753259,
    "duration": 19,
    "pid": 14196,
    "index": 70
  },
  {
    "name": "Load \"service\" to Context",
    "start": 1595238753241,
    "end": 1595238753259,
    "duration": 18,
    "pid": 14196,
    "index": 71
  },
  {
    "name": "Load Middleware",
    "start": 1595238753259,
    "end": 1595238753450,
    "duration": 191,
    "pid": 14196,
    "index": 72
  },
  {
    "name": "Load \"middlewares\" to Application",
    "start": 1595238753259,
    "end": 1595238753427,
    "duration": 168,
    "pid": 14196,
    "index": 73
  },
  {
    "name": "Load Controller",
    "start": 1595238753450,
    "end": 1595238753475,
    "duration": 25,
    "pid": 14196,
    "index": 74
  },
  {
    "name": "Load \"controller\" to Application",
    "start": 1595238753450,
    "end": 1595238753475,
    "duration": 25,
    "pid": 14196,
    "index": 75
  },
  {
    "name": "Load Router",
    "start": 1595238753475,
    "end": 1595238753479,
    "duration": 4,
    "pid": 14196,
    "index": 76
  },
  {
    "name": "Require(57) app/router.js",
    "start": 1595238753475,
    "end": 1595238753476,
    "duration": 1,
    "pid": 14196,
    "index": 77
  },
  {
    "name": "Before Start in node_modules/egg-core/lib/egg.js:303:10",
    "start": 1595238753477,
    "end": 1595238753515,
    "duration": 38,
    "pid": 14196,
    "index": 78
  }
]