[
  {
    "name": "Application Start",
    "start": 1595236869761,
    "end": 1595236871443,
    "duration": 1682,
    "pid": 22008,
    "index": 0
  },
  {
    "name": "Load Plugin",
    "start": 1595236869769,
    "end": 1595236869816,
    "duration": 47,
    "pid": 22008,
    "index": 1
  },
  {
    "name": "Load Config",
    "start": 1595236869817,
    "end": 1595236869868,
    "duration": 51,
    "pid": 22008,
    "index": 2
  },
  {
    "name": "Require(0) config/config.default.js",
    "start": 1595236869818,
    "end": 1595236869818,
    "duration": 0,
    "pid": 22008,
    "index": 3
  },
  {
    "name": "Require(1) node_modules/egg-session/config/config.default.js",
    "start": 1595236869821,
    "end": 1595236869822,
    "duration": 1,
    "pid": 22008,
    "index": 4
  },
  {
    "name": "Require(2) node_modules/egg-security/config/config.default.js",
    "start": 1595236869823,
    "end": 1595236869823,
    "duration": 0,
    "pid": 22008,
    "index": 5
  },
  {
    "name": "Require(3) node_modules/egg-jsonp/config/config.default.js",
    "start": 1595236869825,
    "end": 1595236869827,
    "duration": 2,
    "pid": 22008,
    "index": 6
  },
  {
    "name": "Require(4) node_modules/egg-onerror/config/config.default.js",
    "start": 1595236869828,
    "end": 1595236869829,
    "duration": 1,
    "pid": 22008,
    "index": 7
  },
  {
    "name": "Require(5) node_modules/egg-i18n/config/config.default.js",
    "start": 1595236869830,
    "end": 1595236869831,
    "duration": 1,
    "pid": 22008,
    "index": 8
  },
  {
    "name": "Require(6) node_modules/egg-watcher/config/config.default.js",
    "start": 1595236869832,
    "end": 1595236869833,
    "duration": 1,
    "pid": 22008,
    "index": 9
  },
  {
    "name": "Require(7) node_modules/egg-schedule/config/config.default.js",
    "start": 1595236869834,
    "end": 1595236869840,
    "duration": 6,
    "pid": 22008,
    "index": 10
  },
  {
    "name": "Require(8) node_modules/egg-multipart/config/config.default.js",
    "start": 1595236869841,
    "end": 1595236869842,
    "duration": 1,
    "pid": 22008,
    "index": 11
  },
  {
    "name": "Require(9) node_modules/egg-development/config/config.default.js",
    "start": 1595236869843,
    "end": 1595236869843,
    "duration": 0,
    "pid": 22008,
    "index": 12
  },
  {
    "name": "Require(10) node_modules/egg-logrotator/config/config.default.js",
    "start": 1595236869844,
    "end": 1595236869845,
    "duration": 1,
    "pid": 22008,
    "index": 13
  },
  {
    "name": "Require(11) node_modules/egg-static/config/config.default.js",
    "start": 1595236869846,
    "end": 1595236869846,
    "duration": 0,
    "pid": 22008,
    "index": 14
  },
  {
    "name": "Require(12) node_modules/egg-view/config/config.default.js",
    "start": 1595236869847,
    "end": 1595236869848,
    "duration": 1,
    "pid": 22008,
    "index": 15
  },
  {
    "name": "Require(13) node_modules/egg-cors/config/config.default.js",
    "start": 1595236869849,
    "end": 1595236869849,
    "duration": 0,
    "pid": 22008,
    "index": 16
  },
  {
    "name": "Require(14) node_modules/egg-sequelize/config/config.default.js",
    "start": 1595236869850,
    "end": 1595236869851,
    "duration": 1,
    "pid": 22008,
    "index": 17
  },
  {
    "name": "Require(15) node_modules/egg-valparams/config/config.default.js",
    "start": 1595236869852,
    "end": 1595236869852,
    "duration": 0,
    "pid": 22008,
    "index": 18
  },
  {
    "name": "Require(16) node_modules/egg-jwt/config/config.default.js",
    "start": 1595236869853,
    "end": 1595236869854,
    "duration": 1,
    "pid": 22008,
    "index": 19
  },
  {
    "name": "Require(17) node_modules/egg-redis/config/config.default.js",
    "start": 1595236869855,
    "end": 1595236869855,
    "duration": 0,
    "pid": 22008,
    "index": 20
  },
  {
    "name": "Require(18) node_modules/egg/config/config.default.js",
    "start": 1595236869856,
    "end": 1595236869857,
    "duration": 1,
    "pid": 22008,
    "index": 21
  },
  {
    "name": "Require(19) config/config.default.js",
    "start": 1595236869858,
    "end": 1595236869858,
    "duration": 0,
    "pid": 22008,
    "index": 22
  },
  {
    "name": "Require(20) node_modules/egg-security/config/config.local.js",
    "start": 1595236869859,
    "end": 1595236869860,
    "duration": 1,
    "pid": 22008,
    "index": 23
  },
  {
    "name": "Require(21) node_modules/egg-watcher/config/config.local.js",
    "start": 1595236869862,
    "end": 1595236869862,
    "duration": 0,
    "pid": 22008,
    "index": 24
  },
  {
    "name": "Require(22) node_modules/egg-view/config/config.local.js",
    "start": 1595236869864,
    "end": 1595236869865,
    "duration": 1,
    "pid": 22008,
    "index": 25
  },
  {
    "name": "Require(23) node_modules/egg/config/config.local.js",
    "start": 1595236869867,
    "end": 1595236869868,
    "duration": 1,
    "pid": 22008,
    "index": 26
  },
  {
    "name": "Load extend/application.js",
    "start": 1595236869869,
    "end": 1595236869974,
    "duration": 105,
    "pid": 22008,
    "index": 27
  },
  {
    "name": "Require(24) node_modules/egg-session/app/extend/application.js",
    "start": 1595236869870,
    "end": 1595236869872,
    "duration": 2,
    "pid": 22008,
    "index": 28
  },
  {
    "name": "Require(25) node_modules/egg-security/app/extend/application.js",
    "start": 1595236869873,
    "end": 1595236869876,
    "duration": 3,
    "pid": 22008,
    "index": 29
  },
  {
    "name": "Require(26) node_modules/egg-jsonp/app/extend/application.js",
    "start": 1595236869878,
    "end": 1595236869882,
    "duration": 4,
    "pid": 22008,
    "index": 30
  },
  {
    "name": "Require(27) node_modules/egg-logrotator/app/extend/application.js",
    "start": 1595236869886,
    "end": 1595236869891,
    "duration": 5,
    "pid": 22008,
    "index": 31
  },
  {
    "name": "Require(28) node_modules/egg-view/app/extend/application.js",
    "start": 1595236869893,
    "end": 1595236869896,
    "duration": 3,
    "pid": 22008,
    "index": 32
  },
  {
    "name": "Require(29) node_modules/egg-jwt/app/extend/application.js",
    "start": 1595236869899,
    "end": 1595236869967,
    "duration": 68,
    "pid": 22008,
    "index": 33
  },
  {
    "name": "Load extend/request.js",
    "start": 1595236869974,
    "end": 1595236869988,
    "duration": 14,
    "pid": 22008,
    "index": 34
  },
  {
    "name": "Require(30) node_modules/egg/app/extend/request.js",
    "start": 1595236869980,
    "end": 1595236869981,
    "duration": 1,
    "pid": 22008,
    "index": 35
  },
  {
    "name": "Load extend/response.js",
    "start": 1595236869988,
    "end": 1595236870003,
    "duration": 15,
    "pid": 22008,
    "index": 36
  },
  {
    "name": "Require(31) node_modules/egg/app/extend/response.js",
    "start": 1595236869994,
    "end": 1595236869996,
    "duration": 2,
    "pid": 22008,
    "index": 37
  },
  {
    "name": "Load extend/context.js",
    "start": 1595236870003,
    "end": 1595236870150,
    "duration": 147,
    "pid": 22008,
    "index": 38
  },
  {
    "name": "Require(32) node_modules/egg-security/app/extend/context.js",
    "start": 1595236870005,
    "end": 1595236870022,
    "duration": 17,
    "pid": 22008,
    "index": 39
  },
  {
    "name": "Require(33) node_modules/egg-jsonp/app/extend/context.js",
    "start": 1595236870023,
    "end": 1595236870026,
    "duration": 3,
    "pid": 22008,
    "index": 40
  },
  {
    "name": "Require(34) node_modules/egg-i18n/app/extend/context.js",
    "start": 1595236870028,
    "end": 1595236870028,
    "duration": 0,
    "pid": 22008,
    "index": 41
  },
  {
    "name": "Require(35) node_modules/egg-multipart/app/extend/context.js",
    "start": 1595236870031,
    "end": 1595236870098,
    "duration": 67,
    "pid": 22008,
    "index": 42
  },
  {
    "name": "Require(36) node_modules/egg-view/app/extend/context.js",
    "start": 1595236870100,
    "end": 1595236870102,
    "duration": 2,
    "pid": 22008,
    "index": 43
  },
  {
    "name": "Require(37) node_modules/egg-valparams/app/extend/context.js",
    "start": 1595236870104,
    "end": 1595236870137,
    "duration": 33,
    "pid": 22008,
    "index": 44
  },
  {
    "name": "Require(38) node_modules/egg/app/extend/context.js",
    "start": 1595236870139,
    "end": 1595236870140,
    "duration": 1,
    "pid": 22008,
    "index": 45
  },
  {
    "name": "Require(39) app/extend/context.js",
    "start": 1595236870142,
    "end": 1595236870143,
    "duration": 1,
    "pid": 22008,
    "index": 46
  },
  {
    "name": "Load extend/helper.js",
    "start": 1595236870151,
    "end": 1595236870197,
    "duration": 46,
    "pid": 22008,
    "index": 47
  },
  {
    "name": "Require(40) node_modules/egg-security/app/extend/helper.js",
    "start": 1595236870152,
    "end": 1595236870183,
    "duration": 31,
    "pid": 22008,
    "index": 48
  },
  {
    "name": "Require(41) node_modules/egg/app/extend/helper.js",
    "start": 1595236870189,
    "end": 1595236870189,
    "duration": 0,
    "pid": 22008,
    "index": 49
  },
  {
    "name": "Load app.js",
    "start": 1595236870198,
    "end": 1595236870754,
    "duration": 556,
    "pid": 22008,
    "index": 50
  },
  {
    "name": "Require(42) node_modules/egg-session/app.js",
    "start": 1595236870198,
    "end": 1595236870199,
    "duration": 1,
    "pid": 22008,
    "index": 51
  },
  {
    "name": "Require(43) node_modules/egg-security/app.js",
    "start": 1595236870200,
    "end": 1595236870202,
    "duration": 2,
    "pid": 22008,
    "index": 52
  },
  {
    "name": "Require(44) node_modules/egg-onerror/app.js",
    "start": 1595236870203,
    "end": 1595236870216,
    "duration": 13,
    "pid": 22008,
    "index": 53
  },
  {
    "name": "Require(45) node_modules/egg-i18n/app.js",
    "start": 1595236870217,
    "end": 1595236870243,
    "duration": 26,
    "pid": 22008,
    "index": 54
  },
  {
    "name": "Require(46) node_modules/egg-watcher/app.js",
    "start": 1595236870244,
    "end": 1595236870249,
    "duration": 5,
    "pid": 22008,
    "index": 55
  },
  {
    "name": "Require(47) node_modules/egg-schedule/app.js",
    "start": 1595236870250,
    "end": 1595236870252,
    "duration": 2,
    "pid": 22008,
    "index": 56
  },
  {
    "name": "Require(48) node_modules/egg-multipart/app.js",
    "start": 1595236870253,
    "end": 1595236870253,
    "duration": 0,
    "pid": 22008,
    "index": 57
  },
  {
    "name": "Require(49) node_modules/egg-development/app.js",
    "start": 1595236870254,
    "end": 1595236870255,
    "duration": 1,
    "pid": 22008,
    "index": 58
  },
  {
    "name": "Require(50) node_modules/egg-logrotator/app.js",
    "start": 1595236870255,
    "end": 1595236870256,
    "duration": 1,
    "pid": 22008,
    "index": 59
  },
  {
    "name": "Require(51) node_modules/egg-static/app.js",
    "start": 1595236870257,
    "end": 1595236870257,
    "duration": 0,
    "pid": 22008,
    "index": 60
  },
  {
    "name": "Require(52) node_modules/egg-cors/app.js",
    "start": 1595236870258,
    "end": 1595236870259,
    "duration": 1,
    "pid": 22008,
    "index": 61
  },
  {
    "name": "Require(53) node_modules/egg-sequelize/app.js",
    "start": 1595236870259,
    "end": 1595236870260,
    "duration": 1,
    "pid": 22008,
    "index": 62
  },
  {
    "name": "Require(54) node_modules/egg-valparams/app.js",
    "start": 1595236870260,
    "end": 1595236870749,
    "duration": 489,
    "pid": 22008,
    "index": 63
  },
  {
    "name": "Require(55) node_modules/egg-jwt/app.js",
    "start": 1595236870750,
    "end": 1595236870750,
    "duration": 0,
    "pid": 22008,
    "index": 64
  },
  {
    "name": "Require(56) node_modules/egg-redis/app.js",
    "start": 1595236870751,
    "end": 1595236870753,
    "duration": 2,
    "pid": 22008,
    "index": 65
  },
  {
    "name": "Before Start in node_modules/egg-watcher/lib/init.js:15:14",
    "start": 1595236870767,
    "end": 1595236871410,
    "duration": 643,
    "pid": 22008,
    "index": 66
  },
  {
    "name": "Load \"Symbol(model)\" to Application",
    "start": 1595236870999,
    "end": 1595236871033,
    "duration": 34,
    "pid": 22008,
    "index": 67
  },
  {
    "name": "Before Start in node_modules/egg-sequelize/lib/loader.js:39:7",
    "start": 1595236871043,
    "end": 1595236871443,
    "duration": 400,
    "pid": 22008,
    "index": 68
  },
  {
    "name": "Before Start in node_modules/egg-redis/lib/redis.js:53:7",
    "start": 1595236871137,
    "end": 1595236871380,
    "duration": 243,
    "pid": 22008,
    "index": 69
  },
  {
    "name": "Load Service",
    "start": 1595236871137,
    "end": 1595236871158,
    "duration": 21,
    "pid": 22008,
    "index": 70
  },
  {
    "name": "Load \"service\" to Context",
    "start": 1595236871137,
    "end": 1595236871158,
    "duration": 21,
    "pid": 22008,
    "index": 71
  },
  {
    "name": "Load Middleware",
    "start": 1595236871159,
    "end": 1595236871312,
    "duration": 153,
    "pid": 22008,
    "index": 72
  },
  {
    "name": "Load \"middlewares\" to Application",
    "start": 1595236871159,
    "end": 1595236871298,
    "duration": 139,
    "pid": 22008,
    "index": 73
  },
  {
    "name": "Load Controller",
    "start": 1595236871313,
    "end": 1595236871335,
    "duration": 22,
    "pid": 22008,
    "index": 74
  },
  {
    "name": "Load \"controller\" to Application",
    "start": 1595236871313,
    "end": 1595236871335,
    "duration": 22,
    "pid": 22008,
    "index": 75
  },
  {
    "name": "Load Router",
    "start": 1595236871335,
    "end": 1595236871338,
    "duration": 3,
    "pid": 22008,
    "index": 76
  },
  {
    "name": "Require(57) app/router.js",
    "start": 1595236871336,
    "end": 1595236871336,
    "duration": 0,
    "pid": 22008,
    "index": 77
  },
  {
    "name": "Before Start in node_modules/egg-core/lib/egg.js:303:10",
    "start": 1595236871336,
    "end": 1595236871367,
    "duration": 31,
    "pid": 22008,
    "index": 78
  }
]